rank,name,fte_students,students_per_staff,international_students,ratio,overall,teaching,research,citations,industry_income,international_outlook,size,country,continent,english_spoken,size_int,country_int,continent_int
1,California Institute of Technology,2243,6.9,0.26,49,95.2,95.6,97.6,99.8,97.8,64.0,small,United States,North America,1.0,0.0,172.0,3.0
2,University of Oxford,19919,11.6,0.34,46,94.2,86.5,98.9,98.8,73.1,94.4,large,United Kingdom,Europe,1.0,2.0,148.0,2.0
3,Stanford University,15596,7.8,0.22,42,93.9,92.5,96.2,99.9,63.3,76.3,large,United States,North America,1.0,2.0,172.0,3.0
4,University of Cambridge,18812,11.8,0.34,46,92.8,88.2,96.7,97.0,55.0,91.5,large,United Kingdom,Europe,1.0,2.0,148.0,2.0
5,Massachusetts Institute of Technology,11074,9.0,0.33,37,92.0,89.4,88.6,99.7,95.4,84.0,medium,United States,North America,1.0,1.0,172.0,3.0
6,Harvard University,20152,8.9,0.25,51,91.6,83.6,99.0,99.8,45.2,77.2,large,United States,North America,1.0,2.0,172.0,3.0
7,Princeton University,7929,8.4,0.27,45,90.1,85.1,91.9,99.3,52.1,78.5,medium,United States,North America,1.0,1.0,172.0,3.0
8,Imperial College London,15060,11.7,0.51,37,89.1,83.3,88.5,96.7,53.7,96.0,large,United Kingdom,Europe,1.0,2.0,148.0,2.0
9,ETH Zurich – Swiss Federal Institute of Technology Zurich,18178,14.7,0.37,31,88.3,77.0,95.0,91.1,80.0,97.9,large,Switzerland,Europe,0.0,2.0,146.0,2.0
10,University of Chicago,14221,6.9,0.2,42,87.9,85.7,88.9,99.2,36.6,65.0,medium,United States,North America,1.0,1.0,172.0,3.0
11,Johns Hopkins University,15128,3.6,0.23,50,87.6,77.6,90.4,98.2,100.0,70.0,large,United States,North America,1.0,2.0,172.0,3.0
12,Yale University,11751,4.4,0.2,50,87.4,86.5,87.8,97.2,43.3,64.3,medium,United States,North America,1.0,1.0,172.0,3.0
13,University of California,36186,16.4,0.15,50,87.2,80.4,91.1,99.7,47.9,61.9,large,United States,North America,1.0,2.0,172.0,3.0
14,UCL,26607,10.7,0.46,56,87.1,78.1,91.0,94.2,40.5,94.4,large,United Kingdom,Europe,1.0,2.0,148.0,2.0
15,Columbia University,25055,5.9,0.28,49,86.1,85.9,82.2,98.1,34.1,73.5,large,United States,North America,1.0,2.0,172.0,3.0
16,University of California,38206,10.3,0.15,52,85.8,80.8,88.6,98.5,47.9,56.4,large,United States,North America,1.0,2.0,172.0,3.0
17,University of Pennsylvania,20376,6.5,0.2,51,85.2,82.0,86.9,98.6,47.9,49.5,large,United States,North America,1.0,2.0,172.0,3.0
18,Cornell University,21424,10.2,0.19,48,84.0,77.9,86.1,97.2,33.7,63.9,large,United States,North America,1.0,2.0,172.0,3.0
19,University of Toronto,66198,19.5,0.15,49,83.9,75.9,89.3,90.9,49.1,77.8,large,Canada,North America,1.0,2.0,154.0,3.0
20,Duke University,15172,4.8,0.17,49,82.7,76.0,78.0,99.0,100.0,56.5,large,United States,North America,1.0,2.0,172.0,3.0
21,University of Michigan,41786,9.0,0.16,48,82.4,76.8,85.2,94.4,56.3,53.7,large,United States,North America,1.0,2.0,172.0,3.0
22,Carnegie Mellon University,11885,13.1,0.35,39,82.3,67.4,88.8,99.1,57.5,57.1,medium,United States,North America,1.0,1.0,172.0,3.0
23,London School of Economics and Political Science,9233,12.1,0.7,53,81.3,69.8,80.6,94.3,32.2,93.6,medium,United Kingdom,Europe,1.0,1.0,148.0,2.0
24,University of Edinburgh,25774,14.1,0.36,58,80.3,68.6,77.2,96.3,36.1,89.8,large,United Kingdom,Europe,1.0,2.0,148.0,2.0
25,Northwestern University,18334,13.8,0.15,48,79.5,69.8,78.4,96.5,81.2,53.9,large,United States,North America,1.0,2.0,172.0,3.0
26,National University of Singapore,31592,15.5,0.34,49,79.2,71.7,84.5,79.4,49.8,96.2,large,Singapore,Asia,0.0,2.0,88.0,1.0
27,King’s College London,21394,11.4,0.37,61,78.2,64.5,75.8,93.8,40.1,93.8,large,United Kingdom,Europe,1.0,2.0,148.0,2.0
28,Karolinska Institute,7774,11.5,0.22,70,77.5,60.6,81.1,92.2,75.8,73.1,medium,Sweden,Europe,0.0,1.0,145.0,2.0
29,LMU Munich,35691,15.5,0.13,62,77.3,70.5,77.4,85.7,100.0,62.8,large,Germany,Europe,0.0,2.0,118.0,2.0
30,New York University,42056,6.8,0.19,55,77.2,74.7,72.3,95.3,30.4,49.3,large,United States,North America,1.0,2.0,172.0,3.0
31,École Polytechnique Fédérale de Lausanne,9666,10.5,0.54,27,76.1,61.3,67.5,94.6,65.4,98.6,medium,Switzerland,Europe,0.0,1.0,146.0,2.0
32,University of Washington,44020,11.8,0.13,53,75.6,67.1,70.0,98.6,43.1,51.2,large,United States,North America,1.0,2.0,172.0,3.0
33,University of Melbourne,40128,23.7,0.35,55,75.4,62.0,75.5,86.6,64.6,87.1,large,Australia,Oceania,1.0,2.0,173.0,4.0
34,University of British Columbia,50152,17.6,0.25,54,75.3,60.2,73.2,91.5,42.6,90.5,large,Canada,North America,1.0,2.0,154.0,3.0
35,KU Leuven,42503,41.9,0.18,54,74.8,59.9,76.9,87.3,100.0,68.6,large,Belgium,Europe,0.0,2.0,106.0,2.0
36,University of Illinois at Urbana-Champaign,42727,18.7,0.2,47,74.5,64.5,81.2,86.8,52.8,45.8,large,United States,North America,1.0,2.0,172.0,3.0
37,Heidelberg University,28881,24.5,0.17,55,74.4,68.8,69.6,88.2,68.2,62.8,large,Germany,Europe,0.0,2.0,118.0,2.0
38,McGill University,31326,13.7,0.23,56,72.6,66.1,72.1,78.9,40.3,85.5,large,Canada,North America,1.0,2.0,154.0,3.0
39,University of California,27233,6.5,0.11,48,72.2,56.9,69.8,98.7,56.7,42.9,large,United States,North America,1.0,2.0,172.0,3.0
39,University of California,22020,27.3,0.11,52,72.2,52.6,66.0,99.2,90.4,61.5,large,United States,North America,1.0,2.0,172.0,3.0
41,Georgia Institute of Technology,19967,20.1,0.26,31,72.1,57.8,72.7,86.0,73.7,71.5,large,United States,North America,1.0,2.0,172.0,3.0
42,Peking University,40148,8.3,0.14,48,72.0,77.8,72.4,69.1,100.0,49.2,large,China,Asia,0.0,2.0,61.0,1.0
43,The University of Tokyo,26199,5.7,0.1,49,71.1,81.4,83.0,60.9,50.8,30.3,large,Japan,Asia,0.0,2.0,69.0,1.0
44,University of California,35364,13.9,0.13,54,71.0,60.1,72.7,84.3,57.3,58.4,large,United States,North America,1.0,2.0,172.0,3.0
44,University of Hong Kong,19835,17.6,0.38,53,71.0,64.6,72.8,70.1,53.7,99.5,large,Hong Kong,Asia,0.0,2.0,63.0,1.0
46,University of Texas at Austin,49427,17.4,0.09,51,70.3,59.3,69.7,92.2,63.1,31.7,large,United States,North America,1.0,2.0,172.0,3.0
47,Tsinghua University,39763,13.7,0.1,32,70.0,73.3,83.0,58.8,100.0,39.5,large,China,Asia,0.0,2.0,61.0,1.0
47,Wageningen University & Research,9248,17.0,0.21,56,70.0,52.6,66.9,87.8,100.0,70.3,medium,Netherlands,Europe,0.0,1.0,133.0,2.0
49,Humboldt University of Berlin,29987,52.5,0.16,49,69.9,63.7,77.0,73.6,36.1,62.6,large,Germany,Europe,0.0,2.0,118.0,2.0
50,University of Wisconsin-Madison,39655,10.8,0.11,51,69.7,65.1,68.2,86.6,48.5,33.0,large,United States,North America,1.0,2.0,172.0,3.0
51,Brown University,8653,10.1,0.19,49,69.6,62.8,55.7,96.4,31.4,57.8,medium,United States,North America,1.0,1.0,172.0,3.0
52,Australian National University,14604,19.2,0.35,52,69.5,54.7,77.3,72.3,48.0,93.3,medium,Australia,Oceania,1.0,1.0,173.0,4.0
53,Technical University of Munich,35565,31.5,0.2,33,69.4,61.0,66.0,80.1,99.2,63.8,large,Germany,Europe,0.0,2.0,118.0,2.0
54,École Normale Supérieure,2400,7.9,0.2,46,69.0,70.6,47.7,87.1,37.1,85.5,small,France,Europe,0.0,0.0,116.0,2.0
55,Nanyang Technological University,25028,16.2,0.33,48,68.2,48.4,61.3,85.6,99.9,94.6,large,Singapore,Asia,0.0,2.0,88.0,1.0
56,University of Manchester,34938,15.3,0.34,52,68.1,58.4,66.0,77.3,42.0,87.0,large,United Kingdom,Europe,1.0,2.0,148.0,2.0
56,University of Sydney,41868,20.2,0.28,57,68.1,54.3,68.1,77.5,72.4,84.4,large,Australia,Oceania,1.0,2.0,173.0,4.0
58,University of Amsterdam,24570,14.4,0.11,53,67.8,52.2,64.7,87.4,62.8,66.5,large,Netherlands,Europe,0.0,2.0,133.0,2.0
59,Hong Kong University of Science and Technology,11385,23.8,0.36,49,67.2,49.4,66.1,82.6,68.1,80.5,medium,Hong Kong,Asia,0.0,1.0,63.0,1.0
60,University of Queensland,34718,32.7,0.27,53,67.0,49.2,62.8,82.4,76.7,89.3,large,Australia,Oceania,1.0,2.0,173.0,4.0
60,Washington University in St Louis,12528,5.7,0.17,0,67.0,54.3,55.6,99.2,33.5,44.9,medium,United States,North America,1.0,1.0,172.0,3.0
62,Utrecht University,30779,15.4,0.07,59,66.6,48.1,64.3,88.1,89.1,55.8,large,Netherlands,Europe,0.0,2.0,133.0,2.0
63,University of North Carolina at Chapel Hill,26518,7.3,0.08,58,66.4,58.0,54.5,95.9,39.4,39.0,large,United States,North America,1.0,2.0,172.0,3.0
64,Boston University,24789,8.6,0.17,58,66.1,57.8,49.5,97.7,30.3,51.0,large,United States,North America,1.0,2.0,172.0,3.0
65,Delft University of Technology,15920,19.4,0.25,26,65.9,55.0,73.8,61.5,100.0,84.0,large,Netherlands,Europe,0.0,2.0,133.0,2.0
65,University of Minnesota,46825,18.0,0.12,52,65.9,53.5,61.0,88.0,98.5,35.3,large,United States,North America,1.0,2.0,172.0,3.0
67,Leiden University,21222,17.1,0.09,59,65.7,50.5,63.1,85.2,49.8,64.3,large,Netherlands,Europe,0.0,2.0,133.0,2.0
68,University of Southern California,36534,12.9,0.2,52,65.5,49.3,58.9,93.0,38.0,56.3,large,United States,North America,1.0,2.0,172.0,3.0
69,University of Bristol,17906,14.0,0.25,53,64.3,47.6,51.6,91.2,40.0,82.4,large,United Kingdom,Europe,1.0,2.0,148.0,2.0
70,Durham University,15489,15.7,0.24,54,63.6,47.9,51.9,87.7,34.4,86.4,large,United Kingdom,Europe,1.0,2.0,148.0,2.0
71,Erasmus University Rotterdam,20580,18.9,0.17,48,63.5,37.2,55.2,95.6,54.6,76.1,large,Netherlands,Europe,0.0,2.0,133.0,2.0
72,Free University of Berlin,33062,39.3,0.2,58,63.2,57.9,72.2,60.2,35.1,69.2,large,Germany,Europe,0.0,2.0,118.0,2.0
73,Monash University,50882,40.5,0.36,56,62.8,48.3,59.1,73.3,82.5,87.6,large,Australia,Oceania,1.0,2.0,173.0,4.0
74,University of Groningen,24556,25.6,0.11,52,62.4,43.3,56.9,84.0,92.4,63.9,large,Netherlands,Europe,0.0,2.0,133.0,2.0
75,Pennsylvania State University,44501,12.4,0.12,46,62.3,50.4,61.9,80.5,56.2,40.8,large,United States,North America,1.0,2.0,172.0,3.0
76,University of Glasgow,22616,16.0,0.29,57,61.9,41.6,48.3,92.3,31.6,85.8,large,United Kingdom,Europe,1.0,2.0,148.0,2.0
76,University of Helsinki,23505,15.1,0.06,66,61.9,48.4,60.4,82.1,31.6,51.8,large,Finland,Europe,0.0,2.0,115.0,2.0
78,University of Tübingen,28327,38.9,0.12,58,61.7,47.0,59.8,79.3,59.2,58.2,large,Germany,Europe,0.0,2.0,118.0,2.0
79,University of Pittsburgh,26485,5.8,0.1,51,61.5,50.6,50.3,92.3,39.3,33.9,large,United States,North America,1.0,2.0,172.0,3.0
80,University of Warwick,18529,16.6,0.37,48,61.3,47.4,53.1,78.2,37.7,90.3,large,United Kingdom,Europe,1.0,2.0,148.0,2.0
81,Uppsala University,25266,18.2,0.12,57,61.2,44.1,61.0,80.9,39.5,59.6,large,Sweden,Europe,0.0,2.0,145.0,2.0
82,University of Copenhagen,27545,4.1,0.19,67,61.0,49.8,42.7,86.2,45.0,83.3,large,Denmark,Europe,0.0,2.0,113.0,2.0
82,University of New South Wales,38309,25.9,0.32,47,61.0,40.7,53.9,82.1,50.0,89.5,large,Australia,Oceania,1.0,2.0,173.0,4.0
84,University of Freiburg,26467,31.2,0.16,52,60.7,47.4,51.1,80.5,100.0,60.3,large,Germany,Europe,0.0,2.0,118.0,2.0
85,Seoul National University,26389,13.9,0.1,49,60.5,66.5,70.5,50.0,85.4,30.9,large,South Korea,Asia,0.0,2.0,73.0,1.0
86,University of St Andrews,8338,12.7,0.47,56,60.4,49.7,47.3,78.8,30.6,92.3,medium,United Kingdom,Europe,1.0,1.0,148.0,2.0
87,Vanderbilt University,12161,3.6,0.09,52,60.1,47.8,44.2,95.7,63.2,29.1,medium,United States,North America,1.0,1.0,172.0,3.0
88,Kyoto University,22809,5.6,0.07,24,59.9,70.6,69.3,46.6,79.0,26.1,large,Japan,Asia,0.0,2.0,69.0,1.0
88,Maastricht University,15626,18.9,0.48,56,59.9,37.5,47.7,82.7,95.4,95.5,large,Netherlands,Europe,0.0,2.0,133.0,2.0
90,Emory University,12338,4.5,0.18,56,59.7,48.3,37.1,96.7,48.9,51.0,medium,United States,North America,1.0,1.0,172.0,3.0
90,Lund University,28251,11.5,0.15,44,59.7,39.7,53.6,81.3,70.4,74.1,large,Sweden,Europe,0.0,2.0,145.0,2.0
90,Ohio State University,51462,13.4,0.12,49,59.7,51.6,46.6,83.2,53.1,53.0,large,United States,North America,1.0,2.0,172.0,3.0
93,University of Exeter,17755,18.8,0.28,54,59.5,39.4,40.0,94.3,31.9,87.3,large,United Kingdom,Europe,1.0,2.0,148.0,2.0
94,University of Bonn,32474,70.4,0.12,55,58.8,45.1,47.5,85.3,60.4,63.6,large,Germany,Europe,0.0,2.0,118.0,2.0
94,Georgetown University,15408,8.5,0.14,53,58.8,54.4,39.3,82.5,80.7,52.7,large,United States,North America,1.0,2.0,172.0,3.0
94,McMaster University,23823,19.3,0.15,53,58.8,39.8,44.8,84.9,88.0,76.1,large,Canada,North America,1.0,2.0,154.0,3.0
97,University of Sheffield,23311,15.5,0.31,50,58.6,42.4,48.8,80.1,43.4,81.9,large,United Kingdom,Europe,1.0,2.0,148.0,2.0
98,Queen Mary University of London,14260,14.0,0.4,52,58.5,34.1,41.3,93.3,36.8,93.5,medium,United Kingdom,Europe,1.0,1.0,148.0,2.0
99,University of Göttingen,25581,25.6,0.12,51,58.0,49.3,54.5,72.7,31.8,56.4,large,Germany,Europe,0.0,2.0,118.0,2.0
99,Michigan State University,44750,15.7,0.15,51,58.0,47.3,52.6,76.8,32.2,56.4,large,United States,North America,1.0,2.0,172.0,3.0
101,University of Basel,12551,17.3,0.24,54,57.9,39.5,33.1,88.3,99.9,94.7,medium,Switzerland,Europe,0.0,1.0,146.0,2.0
101,École Polytechnique,2429,4.8,0.3,18,57.9,53.5,44.6,64.7,82.3,92.8,small,France,Europe,0.0,0.0,116.0,2.0
101,Rice University,6333,9.0,0.26,44,57.9,37.9,35.1,99.7,41.7,66.6,medium,United States,North America,1.0,1.0,172.0,3.0
101,Trinity College Dublin,15520,22.3,0.25,57,57.9,45.5,46.2,75.8,32.8,90.8,large,Ireland,Europe,1.0,2.0,122.0,2.0
104,Dartmouth College,6178,6.6,0.16,47,57.8,50.7,35.8,93.3,40.8,38.3,medium,United States,North America,1.0,1.0,172.0,3.0
104,University of Zurich,26583,6.5,0.19,57,57.8,49.5,31.5,85.4,44.0,90.4,large,Switzerland,Europe,0.0,2.0,146.0,2.0
106,University of California,26614,16.1,0.16,52,57.7,39.9,41.8,91.6,48.9,59.2,large,United States,North America,1.0,2.0,172.0,3.0
106,Aarhus University,23895,13.6,0.14,54,57.7,36.9,50.7,79.8,68.3,76.8,large,Denmark,Europe,0.0,2.0,113.0,2.0
106,University of Mannheim,11761,85.8,0.15,55,57.7,34.5,47.7,86.9,85.3,64.6,medium,Germany,Europe,0.0,1.0,118.0,2.0
108,University of Notre Dame,11829,13.8,0.1,44,57.6,47.6,48.1,81.7,33.7,47.6,medium,United States,North America,1.0,1.0,172.0,3.0
109,University of Western Australia,20851,20.7,0.27,50,57.5,33.4,46.1,83.6,64.5,92.6,large,Australia,Oceania,1.0,2.0,173.0,4.0
110,RWTH Aachen University,37917,27.6,0.16,31,57.2,49.4,56.3,63.2,98.1,54.1,large,Germany,Europe,0.0,2.0,118.0,2.0
110,University of Southampton,20925,13.5,0.29,53,57.2,39.8,43.6,82.0,37.5,88.4,large,United Kingdom,Europe,1.0,2.0,148.0,2.0
112,Scuola Normale Superiore di Pisa,462,16.5,0.05,28,57.1,54.2,53.1,67.2,52.0,46.3,small,Italy,Europe,0.0,0.0,123.0,2.0
113,University of Montreal,38264,20.3,0.25,57,57.0,46.3,45.5,69.6,92.6,84.2,large,Canada,North America,1.0,2.0,154.0,3.0
113,Pierre and Marie Curie University,27862,8.7,0.18,48,57.0,52.8,32.7,82.9,37.4,74.1,large,France,Europe,0.0,2.0,116.0,2.0
113,Purdue University,39256,18.1,0.22,42,57.0,50.2,57.7,63.2,63.0,66.4,large,United States,North America,1.0,2.0,172.0,3.0
116,Pohang University of Science and Technology,3055,10.1,0.04,20,56.9,49.1,47.1,76.7,100.0,33.7,small,South Korea,Asia,0.0,0.0,73.0,1.0
117,University of Maryland,31331,8.4,0.09,48,56.7,45.0,42.1,88.2,32.3,43.5,large,United States,North America,1.0,2.0,172.0,3.0
118,Ghent University,32166,34.1,0.09,57,56.6,42.1,54.5,71.2,88.3,54.2,large,Belgium,Europe,0.0,2.0,106.0,2.0
119,University of Birmingham,25295,16.4,0.23,54,56.2,39.4,41.8,82.7,34.7,82.0,large,United Kingdom,Europe,1.0,2.0,148.0,2.0
120,University of Bern,14708,22.5,0.14,54,56.1,40.0,42.5,76.6,82.9,83.7,medium,Switzerland,Europe,0.0,1.0,146.0,2.0
120,University of Cape Town,20040,12.1,0.18,53,56.1,34.9,38.7,85.6,92.7,80.2,large,South Africa,Africa,0.0,2.0,44.0,0.0
120,University of Florida,50095,18.7,0.09,54,56.1,51.8,56.8,67.7,73.2,33.3,large,United States,North America,1.0,2.0,172.0,3.0
123,University of Erlangen-Nuremberg,36146,53.9,0.09,49,56.0,51.7,39.7,75.2,99.4,47.0,large,Germany,Europe,0.0,2.0,118.0,2.0
123,Rutgers the State University of New Jersey,37032,17.3,0.08,51,56.0,43.9,55.7,75.4,35.9,34.7,large,United States,North America,1.0,2.0,172.0,3.0
125,University of Münster,39838,46.1,0.08,53,55.9,40.3,44.1,85.6,58.2,46.3,large,Germany,Europe,0.0,2.0,118.0,2.0
125,Radboud University Nijmegen,17713,13.0,0.1,58,55.9,34.3,48.5,84.9,39.2,60.9,large,Netherlands,Europe,0.0,2.0,133.0,2.0
127,University of Colorado Boulder,29325,16.1,0.08,45,55.8,39.7,37.6,96.4,35.7,36.6,large,United States,North America,1.0,2.0,172.0,3.0
127,Tufts University,10410,10.0,0.14,54,55.8,45.2,33.3,90.1,60.7,49.4,medium,United States,North America,1.0,1.0,172.0,3.0
129,Royal Holloway,8747,15.9,0.37,57,55.7,35.1,33.2,91.2,34.4,92.7,medium,United Kingdom,Europe,1.0,1.0,148.0,2.0
130,Lancaster University,11512,14.9,0.33,52,55.6,34.0,41.4,85.3,33.6,87.0,medium,United Kingdom,Europe,1.0,1.0,148.0,2.0
131,University of Geneva,15668,15.0,0.39,61,55.4,34.9,40.5,78.5,72.4,98.5,large,Switzerland,Europe,0.0,2.0,146.0,2.0
131,University of York,14543,15.8,0.26,55,55.4,41.9,46.3,73.1,31.1,83.5,medium,United Kingdom,Europe,1.0,1.0,148.0,2.0
133,Case Western Reserve University,9259,6.4,0.17,48,55.3,46.1,33.2,92.0,34.1,40.5,medium,United States,North America,1.0,1.0,172.0,3.0
133,University of Leeds,27703,14.7,0.21,58,55.3,43.7,39.0,79.2,36.7,77.4,large,United Kingdom,Europe,1.0,2.0,148.0,2.0
135,University of Oslo,27139,18.8,0.18,57,55.1,43.3,44.7,75.5,38.3,68.2,large,Norway,Europe,0.0,2.0,135.0,2.0
136,Stockholm University,31715,23.7,0.08,62,54.8,34.1,51.2,82.5,31.1,48.5,large,Sweden,Europe,0.0,2.0,145.0,2.0
137,University of Alberta,36299,21.6,0.23,55,54.7,46.4,48.1,63.6,47.4,80.7,large,Canada,North America,1.0,2.0,154.0,3.0
138,Chinese University of Hong Kong,17916,10.2,0.22,53,54.5,41.5,48.5,68.4,37.5,81.1,large,Hong Kong,Asia,0.0,2.0,63.0,1.0
138,Karlsruhe Institute of Technology,25294,24.6,0.16,26,54.5,37.7,47.5,73.8,99.5,56.7,large,Germany,Europe,0.0,2.0,118.0,2.0
140,University of Sussex,12001,17.4,0.35,54,54.4,33.4,37.2,86.1,30.6,88.3,medium,United Kingdom,Europe,1.0,1.0,148.0,2.0
141,University of Massachusetts,56959,13.0,0.11,49,54.3,40.2,36.3,88.1,52.2,48.9,large,United States,North America,1.0,2.0,172.0,3.0
142,University of Vienna,34651,20.5,0.25,67,54.2,40.8,50.5,63.6,30.2,92.6,large,Austria,Europe,0.0,2.0,103.0,2.0
143,University of Nottingham,30144,15.0,0.27,54,54.1,40.3,39.0,77.5,39.8,80.6,large,United Kingdom,Europe,1.0,2.0,148.0,2.0
144,University of California,17404,22.7,0.01,53,53.9,31.1,34.2,99.9,36.1,45.6,large,United States,North America,1.0,2.0,172.0,3.0
144,University of Lausanne,11964,13.1,0.22,49,53.9,30.9,45.6,76.2,56.0,89.2,medium,Switzerland,Europe,0.0,1.0,146.0,2.0
146,Autonomous University of Barcelona,30538,12.3,0.1,59,53.8,40.3,40.0,83.8,34.9,50.3,large,Spain,Europe,0.0,2.0,144.0,2.0
147,University of Virginia,23845,10.2,0.12,52,53.3,38.8,37.5,87.3,37.9,43.4,large,United States,North America,1.0,2.0,172.0,3.0
148,Korea Advanced Institute of Science and Technology (KAIST),9027,10.0,0.09,20,53.0,43.3,40.5,75.9,100.0,33.9,medium,South Korea,Asia,0.0,1.0,73.0,1.0
149,University of Adelaide,20771,30.1,0.26,48,52.9,32.8,43.2,72.4,79.3,85.1,large,Australia,Oceania,1.0,2.0,173.0,4.0
149,University of East Anglia,14992,14.7,0.28,58,52.9,31.9,28.7,92.7,28.5,83.5,medium,United Kingdom,Europe,1.0,1.0,148.0,2.0
149,University of Twente,6631,12.0,0.26,37,52.9,34.1,45.6,68.8,91.2,80.1,medium,Netherlands,Europe,0.0,1.0,133.0,2.0
153,Sungkyunkwan University (SKKU),24365,20.3,0.09,39,52.8,51.4,53.5,53.8,97.5,36.7,large,South Korea,Asia,0.0,2.0,73.0,1.0
154,Vrije Universiteit Amsterdam,23280,16.3,0.06,56,52.5,28.4,37.1,90.7,60.1,54.9,large,Netherlands,Europe,0.0,2.0,133.0,2.0
155,KTH Royal Institute of Technology,12062,14.6,0.21,30,52.4,39.0,44.3,63.9,78.1,84.4,medium,Sweden,Europe,0.0,1.0,145.0,2.0
156,University of Cologne,43280,43.4,0.11,60,52.3,42.2,38.0,75.0,68.5,53.1,large,Germany,Europe,0.0,2.0,118.0,2.0
157,University of Liverpool,18815,13.6,0.3,52,52.2,32.8,30.9,85.9,36.6,85.4,large,United Kingdom,Europe,1.0,2.0,148.0,2.0
158,TU Dresden,35487,37.4,0.12,42,52.1,41.4,45.8,66.1,99.7,47.7,large,Germany,Europe,0.0,2.0,118.0,2.0
158,University of Rochester,9390,4.5,0.26,49,52.1,39.7,27.9,89.0,37.0,55.8,medium,United States,North America,1.0,1.0,172.0,3.0
161,Lomonosov Moscow State University,30822,7.7,0.2,43,51.9,75.4,66.7,8.6,95.7,57.8,large,Russian Federation,Europe,0.0,2.0,139.0,2.0
161,University of Miami,15286,5.7,0.14,50,51.9,41.7,22.3,90.1,35.5,64.0,large,United States,North America,1.0,2.0,172.0,3.0
163,University of Arizona,36429,12.7,0.08,52,51.7,38.7,41.8,79.5,32.4,38.6,large,United States,North America,1.0,2.0,172.0,3.0
164,Pompeu Fabra University,10901,18.3,0.13,59,51.2,32.9,28.0,90.7,37.2,63.3,medium,Spain,Europe,0.0,1.0,144.0,2.0
164,University of Reading,12050,14.8,0.28,55,51.2,39.3,37.3,69.9,34.2,85.1,medium,United Kingdom,Europe,1.0,1.0,148.0,2.0
164,Yeshiva University,6753,5.5,0.07,53,51.2,44.8,23.7,92.8,47.0,28.5,medium,United States,North America,1.0,1.0,172.0,3.0
167,University of California,20626,22.0,0.12,51,51.1,27.5,33.3,91.2,42.5,59.5,large,United States,North America,1.0,2.0,172.0,3.0
167,University of Leicester,14541,13.4,0.35,54,51.1,32.1,27.8,86.0,31.7,86.6,medium,United Kingdom,Europe,1.0,1.0,148.0,2.0
167,National Taiwan University,31891,11.9,0.07,39,51.1,54.1,58.0,47.3,49.6,27.7,large,Taiwan,Asia,0.0,2.0,91.0,1.0
167,Technical University of Denmark,9990,5.0,0.18,27,51.1,37.3,29.9,77.8,50.0,85.1,medium,Denmark,Europe,0.0,1.0,113.0,2.0
167,Université Catholique de Louvain,28856,42.0,0.19,54,51.1,38.7,40.6,68.4,51.0,74.2,large,Belgium,Europe,0.0,2.0,106.0,2.0
172,University of Aberdeen,12938,15.8,0.33,54,51.0,29.7,31.4,82.6,43.1,91.4,medium,United Kingdom,Europe,1.0,1.0,148.0,2.0
172,University of Auckland,29787,18.9,0.28,54,51.0,31.4,39.5,69.8,78.0,90.5,large,New Zealand,Oceania,1.0,2.0,179.0,4.0
174,University of Barcelona,47491,12.2,0.1,62,50.9,38.5,37.4,78.9,31.1,49.2,large,Spain,Europe,0.0,2.0,144.0,2.0
175,University of Konstanz,10930,59.1,0.12,54,50.8,38.5,46.7,61.9,92.4,58.3,medium,Germany,Europe,0.0,1.0,118.0,2.0
176,Eindhoven University of Technology,8176,16.0,0.14,19,50.6,34.3,41.0,70.7,57.3,71.3,medium,Netherlands,Europe,0.0,1.0,133.0,2.0
176,University College Dublin,22193,24.5,0.23,49,50.6,35.0,38.5,70.8,33.5,86.3,large,Ireland,Europe,1.0,2.0,122.0,2.0
178,Hebrew University of Jerusalem,17612,10.7,0.05,55,50.5,45.8,41.4,64.6,31.9,55.6,large,Israel,Asia,0.0,2.0,68.0,1.0
179,University of Waterloo,30726,24.2,0.14,45,50.3,35.4,43.9,66.5,39.5,74.4,large,Canada,North America,1.0,2.0,154.0,3.0
180,University of Gothenburg,26420,16.4,0.12,49,50.2,28.5,39.8,81.8,30.3,58.3,large,Sweden,Europe,0.0,2.0,145.0,2.0
180,Scuola Superiore Sant’Anna,769,8.5,0.17,35,50.2,42.5,23.2,84.5,71.2,45.2,small,Italy,Europe,0.0,0.0,123.0,2.0
182,University of Bergen,11623,11.1,0.12,60,50.1,32.5,31.5,82.4,36.2,70.0,medium,Norway,Europe,0.0,1.0,135.0,2.0
182,Cardiff University,23347,13.1,0.23,57,50.1,30.9,31.6,82.0,34.6,78.1,large,United Kingdom,Europe,1.0,2.0,148.0,2.0
182,University of Utah,25674,16.9,0.09,45,50.1,35.6,35.3,83.7,57.4,30.1,large,United States,North America,1.0,2.0,172.0,3.0
185,Brandeis University,5495,12.6,0.22,55,49.9,28.3,25.7,97.3,38.6,47.0,medium,United States,North America,1.0,1.0,172.0,3.0
185,University of Dundee,11628,15.3,0.25,60,49.9,25.6,26.9,90.2,49.5,78.5,medium,United Kingdom,Europe,1.0,1.0,148.0,2.0
185,University of Würzburg,26576,38.4,0.08,57,49.9,34.6,35.8,79.1,47.9,50.9,large,Germany,Europe,0.0,2.0,118.0,2.0
188,Paris-Sud University,27603,15.0,0.17,55,49.8,38.7,29.0,79.8,28.8,64.2,large,France,Europe,0.0,2.0,116.0,2.0
189,Arizona State University,83236,29.9,0.09,50,49.7,32.4,38.1,84.6,32.0,31.9,large,United States,North America,1.0,2.0,172.0,3.0
190,University of Antwerp,12346,30.3,0.16,56,49.6,31.6,40.8,71.7,60.3,64.8,medium,Belgium,Europe,0.0,1.0,106.0,2.0
190,Boston College,13216,17.4,0.19,54,49.6,34.1,29.3,83.3,46.8,60.0,medium,United States,North America,1.0,1.0,172.0,3.0
192,Ulm University,9187,11.2,0.1,47,49.5,35.2,23.9,86.4,58.4,58.2,medium,Germany,Europe,0.0,1.0,118.0,2.0
193,University of Luxembourg,5144,15.9,0.52,50,49.4,25.0,26.7,84.8,38.1,99.8,medium,Luxembourg,Europe,0.0,1.0,127.0,2.0
193,Texas A&M University,50657,21.4,0.09,47,49.4,49.4,52.4,47.1,46.4,47.8,large,United States,North America,1.0,2.0,172.0,3.0
195,Charité - Universitätsmedizin Berlin,6853,6.6,0.16,64,49.3,37.3,22.2,83.8,68.4,61.1,medium,Germany,Europe,0.0,1.0,118.0,2.0
196,Newcastle University,20174,15.2,0.29,50,49.2,30.9,27.5,81.5,34.7,84.3,large,United Kingdom,Europe,1.0,2.0,148.0,2.0
196,St George’s,2958,13.4,0.17,61,49.2,25.6,18.1,100.0,37.7,69.5,small,United Kingdom,Europe,1.0,0.0,148.0,2.0
198,University of Trento,16841,43.2,0.08,51,49.1,30.8,27.4,87.7,47.1,55.9,large,Italy,Europe,0.0,2.0,123.0,2.0
199,Paris Diderot University – Paris 7,27756,14.8,0.17,63,48.9,30.5,22.9,91.0,29.0,64.9,large,France,Europe,0.0,2.0,116.0,2.0
200,Queen’s University Belfast,17940,17.9,0.3,54,48.8,34.1,33.3,68.9,35.7,93.4,large,United Kingdom,Europe,1.0,2.0,148.0,2.0
201-250,Aalborg University,17422,15.9,0.15,48,44.6,25.1,28.4,73.8,43.7,71.0,large,Denmark,Europe,0.0,2.0,113.0,2.0
201-250,Birkbeck,9454,17.2,0.38,55,47.9,33.5,35.1,66.3,28.5,89.9,medium,United Kingdom,Europe,1.0,1.0,148.0,2.0
201-250,University of Bologna,85532,22.9,0.07,56,46.4,39.3,29.5,73.0,34.5,39.9,large,Italy,Europe,0.0,2.0,123.0,2.0
201-250,University at Buffalo,25668,19.0,0.19,47,46.6,36.5,37.9,62.0,43.8,60.6,large,United States,North America,1.0,2.0,172.0,3.0
201-250,University of Calgary,28341,16.5,0.17,53,48.1,33.9,36.7,67.8,52.0,70.1,large,Canada,North America,1.0,2.0,154.0,3.0
201-250,Chalmers University of Technology,8605,11.6,0.15,30,45.0,36.6,35.3,52.2,79.5,77.6,medium,Sweden,Europe,0.0,1.0,145.0,2.0
201-250,City University of Hong Kong,10015,7.1,0.28,51,48.1,32.1,26.7,76.8,50.1,81.6,medium,Hong Kong,Asia,0.0,1.0,63.0,1.0
201-250,Copenhagen Business School,18293,42.7,0.19,48,45.1,19.3,26.5,79.4,35.3,88.5,large,Denmark,Europe,0.0,2.0,113.0,2.0
201-250,Dalhousie University,15064,14.4,0.18,55,44.6,30.4,29.4,65.2,50.3,78.3,large,Canada,North America,1.0,2.0,154.0,3.0
201-250,University of São Paulo,81402,14.6,0.04,48,47.9,60.9,68.6,20.4,40.3,25.3,large,Brazil,South America,0.0,2.0,189.0,5.0
201-250,University of Duisburg-Essen,36051,46.6,0.11,49,47.9,32.3,27.0,81.3,82.3,48.5,large,Germany,Europe,0.0,2.0,118.0,2.0
201-250,École Normale Supérieure de Lyon,2218,8.0,0.14,49,47.9,41.6,30.0,69.0,31.7,65.6,small,France,Europe,0.0,0.0,116.0,2.0
201-250,Florida State University,41226,31.8,0.07,55,46.9,38.5,40.1,64.7,32.0,41.6,large,United States,North America,1.0,2.0,172.0,3.0
201-250,University of Fribourg,10416,46.9,0.19,58,46.9,32.3,32.9,64.1,60.8,87.4,medium,Switzerland,Europe,0.0,1.0,146.0,2.0
201-250,Fudan University,32175,12.2,0.11,50,44.5,44.7,30.4,61.1,28.0,38.6,large,China,Asia,0.0,2.0,61.0,1.0
201-250,University of Iceland,13960,25.9,0.08,66,46.6,16.8,27.1,91.4,58.8,61.0,medium,Iceland,Europe,0.0,1.0,121.0,2.0
201-250,George Washington University,20541,12.0,0.16,56,44.5,44.7,23.5,65.7,29.5,48.1,large,United States,North America,1.0,2.0,172.0,3.0
201-250,Goethe University Frankfurt,31861,9.3,0.15,60,48.6,35.8,28.6,79.3,38.1,60.2,large,Germany,Europe,0.0,2.0,118.0,2.0
201-250,University of Hawai’i at M_noa,16773,11.1,0.13,55,46.4,32.0,35.5,67.7,44.7,63.4,large,United States,North America,1.0,2.0,172.0,3.0
201-250,Hong Kong Polytechnic University,22064,25.9,0.26,51,45.4,29.3,35.2,63.3,45.1,79.0,large,Hong Kong,Asia,0.0,2.0,63.0,1.0
201-250,University of Illinois at Chicago,24313,9.2,0.17,53,45.3,40.9,29.2,63.2,38.0,58.1,large,United States,North America,1.0,2.0,172.0,3.0
201-250,Indiana University,62468,13.6,0.13,53,44.9,43.0,27.3,74.8,43.4,41.2,large,United States,North America,1.0,2.0,172.0,3.0
201-250,University of Iowa,27526,11.6,0.11,52,46.1,41.0,26.7,73.5,54.1,32.3,large,United States,North America,1.0,2.0,172.0,3.0
201-250,University of Technology,24519,44.1,0.31,53,46.7,27.2,35.4,66.9,43.4,90.1,large,Australia,Oceania,1.0,2.0,173.0,4.0
201-250,Johannes Gutenberg University of Mainz,35609,32.6,0.1,58,44.5,34.9,21.7,72.6,70.7,53.3,large,Germany,Europe,0.0,2.0,118.0,2.0
201-250,Joseph Fourier University,16130,12.1,0.13,49,46.9,34.2,21.6,83.2,31.6,58.6,large,France,Europe,0.0,2.0,116.0,2.0
201-250,University of Kiel,24444,23.8,0.08,53,46.9,32.3,20.5,89.5,21.3,49.4,large,Germany,Europe,0.0,2.0,118.0,2.0
201-250,Laval University,27227,16.2,0.12,57,45.6,37.5,31.7,62.2,57.5,63.8,large,Canada,North America,1.0,2.0,154.0,3.0
201-250,Medical University of Vienna,7426,2.9,0.28,50,46.1,26.6,14.6,89.1,33.9,81.7,medium,Austria,Europe,0.0,1.0,103.0,2.0
201-250,Northeastern University,18539,15.1,0.26,50,47.3,35.5,20.6,84.0,32.9,58.7,large,United States,North America,1.0,2.0,172.0,3.0
201-250,Oregon Health and Science University,2838,1.1,0.03,65,44.6,27.8,15.7,96.0,44.6,21.4,small,United States,North America,1.0,0.0,172.0,3.0
201-250,University of Otago,18600,20.3,0.21,57,48.4,30.7,30.5,74.9,31.5,89.9,large,New Zealand,Oceania,1.0,2.0,179.0,4.0
201-250,University of Ottawa,36733,26.3,0.15,60,46.9,37.1,36.7,61.5,41.5,69.9,large,Canada,North America,1.0,2.0,154.0,3.0
201-250,Paris Descartes University,34691,26.9,0.15,63,45.4,24.6,28.8,83.3,29.0,49.1,large,France,Europe,0.0,2.0,116.0,2.0
201-250,Peter the Great St Petersburg Polytechnic University,17155,7.2,0.08,40,47.1,30.8,17.8,97.4,42.5,29.6,large,Russian Federation,Europe,0.0,2.0,139.0,2.0
201-250,Polytechnic University of Milan,30025,22.2,0.12,34,46.7,30.1,31.7,76.3,66.3,48.8,large,Italy,Europe,0.0,2.0,123.0,2.0
201-250,Royal Veterinary College,1819,10.9,0.17,77,45.9,26.0,27.8,74.9,45.5,81.7,small,United Kingdom,Europe,1.0,0.0,148.0,2.0
201-250,Rush University,1855,2.1,0.05,71,46.0,37.7,17.4,88.9,45.4,21.8,small,United States,North America,1.0,0.0,172.0,3.0
201-250,Sapienza University of Rome,120986,32.3,0.07,59,44.5,38.0,37.3,61.5,32.6,34.7,large,Italy,Europe,0.0,2.0,123.0,2.0
201-250,University of Science and Technology of China,14290,7.9,0.02,49,48.8,46.7,36.6,67.2,80.3,21.4,medium,China,Asia,0.0,1.0,61.0,1.0
201-250,University of South Florida,31424,21.5,0.1,49,46.0,24.8,35.7,73.4,99.8,45.1,large,United States,North America,1.0,2.0,172.0,3.0
201-250,Stony Brook University,21908,10.9,0.24,50,46.1,32.6,22.0,83.0,33.4,53.2,large,United States,North America,1.0,2.0,172.0,3.0
201-250,University of Stuttgart,24099,45.4,0.2,31,48.5,40.0,44.5,55.7,99.8,52.7,large,Germany,Europe,0.0,2.0,118.0,2.0
201-250,Swedish University of Agricultural Sciences,3879,4.6,0.13,67,45.2,31.5,32.8,68.1,99.9,40.1,small,Sweden,Europe,0.0,0.0,145.0,2.0
201-250,Technical University of Darmstadt,20300,53.6,0.18,28,46.0,37.1,43.2,51.1,99.1,54.4,large,Germany,Europe,0.0,2.0,118.0,2.0
201-250,Tel Aviv University,23977,24.4,0.04,54,46.8,41.0,50.5,49.2,42.9,47.5,large,Israel,Asia,0.0,2.0,68.0,1.0
201-250,University of Texas at Dallas,16306,22.8,0.23,44,46.3,24.3,26.7,86.8,41.8,52.3,large,United States,North America,1.0,2.0,172.0,3.0
201-250,Tilburg University,7576,22.4,0.1,49,46.6,34.1,47.1,51.5,57.4,71.6,medium,Netherlands,Europe,0.0,1.0,133.0,2.0
201-250,Tohoku University,17200,5.0,0.07,25,45.3,45.3,42.7,49.4,74.7,29.3,large,Japan,Asia,0.0,2.0,69.0,1.0
201-250,Tokyo Institute of Technology,9586,7.3,0.13,13,44.8,45.6,47.6,42.2,70.9,31.9,medium,Japan,Asia,0.0,1.0,69.0,1.0
201-250,University of Victoria,17581,21.5,0.11,56,45.1,20.6,30.0,79.0,36.6,70.2,large,Canada,North America,1.0,2.0,154.0,3.0
201-250,Wake Forest University,7326,4.6,0.05,51,47.5,34.6,19.5,94.8,42.5,24.2,medium,United States,North America,1.0,1.0,172.0,3.0
201-250,Western University,27387,20.7,0.16,54,46.0,38.6,32.4,59.0,59.7,73.6,large,Canada,North America,1.0,2.0,154.0,3.0
201-250,William & Mary,7867,11.8,0.07,54,45.0,38.5,17.5,85.0,29.1,26.6,medium,United States,North America,1.0,1.0,172.0,3.0
201-250,University of the Witwatersrand,23321,18.6,0.09,56,47.7,26.2,31.5,76.0,99.7,68.4,large,South Africa,Africa,0.0,2.0,44.0,0.0
251-300,Aalto University,16099,24.2,0.17,32,44.2,31.1,32.8,62.1,61.6,65.4,large,Finland,Europe,0.0,2.0,115.0,2.0
251-300,Aix-Marseille University,71749,45.5,0.13,61,42.7,36.7,22.1,64.9,33.1,63.0,large,France,Europe,0.0,2.0,116.0,2.0
251-300,University of Bath,12830,18.8,0.3,46,41.3,28.9,27.9,56.7,36.3,84.8,medium,United Kingdom,Europe,1.0,1.0,148.0,2.0
251-300,University of Bayreuth,12520,35.5,0.08,46,42.4,32.2,31.2,60.1,56.4,52.6,medium,Germany,Europe,0.0,1.0,118.0,2.0
251-300,Bielefeld University,21428,67.8,0.07,57,44.3,35.2,46.2,49.9,60.9,45.4,large,Germany,Europe,0.0,2.0,118.0,2.0
251-300,University of Bordeaux,51239,19.4,0.12,58,40.6,25.3,22.0,71.7,30.6,54.6,large,France,Europe,0.0,2.0,116.0,2.0
251-300,Charles Darwin University,5570,25.4,0.15,67,43.7,17.8,22.6,85.9,43.2,63.7,medium,Australia,Oceania,1.0,1.0,173.0,4.0
251-300,Colorado School of Mines,5287,18.2,0.12,26,43.9,28.5,30.3,71.8,83.7,35.5,medium,United States,North America,1.0,1.0,172.0,3.0
251-300,Colorado State University,26769,19.0,0.05,52,40.8,31.6,33.0,59.3,41.0,34.5,large,United States,North America,1.0,2.0,172.0,3.0
251-300,University of Delaware,19262,15.9,0.1,56,43.9,23.7,34.0,70.0,98.7,41.6,large,United States,North America,1.0,2.0,172.0,3.0
251-300,Flinders University,15655,22.6,0.15,63,40.9,21.4,25.7,69.5,41.7,64.7,large,Australia,Oceania,1.0,2.0,173.0,4.0
251-300,University of Georgia,33119,19.9,0.07,57,40.9,41.1,30.5,52.2,30.9,39.2,large,United States,North America,1.0,2.0,172.0,3.0
251-300,Griffith University,30251,22.0,0.21,0,41.2,22.5,25.2,66.3,34.6,81.7,large,Australia,Oceania,1.0,2.0,173.0,4.0
251-300,Indian Institute of Science,3318,8.2,0.01,19,42.2,42.7,47.2,42.4,52.4,16.4,small,India,Asia,0.0,0.0,64.0,1.0
251-300,Iowa State University,29991,17.4,0.11,44,40.6,31.2,29.4,61.5,54.0,35.4,large,United States,North America,1.0,2.0,172.0,3.0
251-300,James Cook University,11713,21.9,0.11,63,43.3,19.0,22.8,81.4,40.7,70.4,medium,Australia,Oceania,1.0,1.0,173.0,4.0
251-300,Justus Liebig University Giessen,25682,53.9,0.09,62,40.6,32.9,33.9,52.9,46.4,46.8,large,Germany,Europe,0.0,2.0,118.0,2.0
251-300,King Abdulaziz University,35889,8.4,0.21,57,42.5,23.9,11.8,76.6,73.1,93.0,large,Saudi Arabia,Asia,0.0,2.0,87.0,1.0
251-300,Koç University,4488,14.6,0.08,52,43.0,21.2,27.1,74.9,82.4,53.5,small,Turkey,Asia,0.0,0.0,94.0,1.0
251-300,Korea University,24043,15.8,0.14,44,44.2,43.9,43.4,41.8,99.8,40.2,large,South Korea,Asia,0.0,2.0,73.0,1.0
251-300,University of Liège,20951,25.9,0.23,54,41.4,29.1,36.6,46.5,98.9,69.7,large,Belgium,Europe,0.0,2.0,106.0,2.0
251-300,Linköping University,17866,7.7,0.1,52,41.4,24.2,18.9,76.8,42.1,57.7,large,Sweden,Europe,0.0,2.0,145.0,2.0
251-300,Nanjing University,29743,13.3,0.1,46,42.3,37.2,32.2,54.2,58.6,50.4,large,China,Asia,0.0,2.0,61.0,1.0
251-300,National Tsing Hua University,10221,13.5,0.05,33,41.2,37.7,36.6,53.0,49.5,23.2,medium,Taiwan,Asia,0.0,1.0,91.0,1.0
251-300,National University of Ireland,14067,26.8,0.14,56,43.1,27.3,25.4,68.5,41.9,76.5,medium,Ireland,Europe,1.0,1.0,122.0,2.0
251-300,University of Newcastle,23508,21.9,0.18,56,43.6,27.4,26.5,67.2,64.4,75.9,large,Australia,Oceania,1.0,2.0,173.0,4.0
251-300,North Carolina State University,30533,13.6,0.11,44,42.7,36.1,30.5,60.0,40.7,49.0,large,United States,North America,1.0,2.0,172.0,3.0
251-300,National Research Nuclear University MEPh,7801,7.3,0.07,29,42.2,44.9,27.8,52.8,99.8,27.5,medium,Russian Federation,Europe,0.0,1.0,139.0,2.0
251-300,Oregon State University,22578,16.8,0.08,47,40.9,30.6,28.5,63.8,32.1,42.8,large,United States,North America,1.0,2.0,172.0,3.0
251-300,Osaka University,23144,7.8,0.09,31,42.7,46.8,45.2,37.4,76.1,26.6,large,Japan,Asia,0.0,2.0,69.0,1.0
251-300,Queen’s University,20488,22.1,0.1,58,43.8,35.8,35.8,54.4,54.2,61.6,large,Canada,North America,1.0,2.0,154.0,3.0
251-300,Technion Israel Institute of Technology,13855,19.4,0.04,35,42.0,33.0,36.1,52.1,38.9,61.9,medium,Israel,Asia,0.0,1.0,68.0,1.0
251-300,Queensland University of Technology,33391,35.8,0.17,54,43.7,28.8,35.6,56.0,73.7,76.0,large,Australia,Oceania,1.0,2.0,173.0,4.0
251-300,Rensselaer Polytechnic Institute,6671,15.0,0.16,30,43.1,30.4,31.5,65.1,79.6,40.3,medium,United States,North America,1.0,1.0,172.0,3.0
251-300,Royal College of Surgeons in Ireland,2473,15.6,0.63,55,42.2,29.9,20.1,65.3,33.9,90.1,small,Ireland,Europe,1.0,0.0,122.0,2.0
251-300,Ruhr University Bochum,38675,46.3,0.13,48,40.7,32.8,30.0,54.4,66.6,51.7,large,Germany,Europe,0.0,2.0,118.0,2.0
251-300,Saint Louis University,11919,5.8,0.08,58,42.6,36.9,10.9,85.0,29.9,26.6,medium,United States,North America,1.0,1.0,172.0,3.0
251-300,Paris-Sorbonne University – Paris 4,21580,27.4,0.21,69,41.2,61.0,55.8,7.1,28.5,44.2,large,France,Europe,0.0,2.0,116.0,2.0
251-300,Simon Fraser University,26640,28.3,0.19,55,43.2,23.2,29.2,72.8,42.3,61.4,large,Canada,North America,1.0,2.0,154.0,3.0
251-300,University of Surrey,12063,16.6,0.38,55,41.2,31.7,28.9,51.2,34.9,90.4,medium,United Kingdom,Europe,1.0,1.0,148.0,2.0
251-300,Syracuse University,19660,15.9,0.15,55,42.6,31.4,20.8,77.1,36.3,38.3,large,United States,North America,1.0,2.0,172.0,3.0
251-300,University of Tasmania,18340,23.8,0.21,57,41.7,21.8,25.7,68.0,42.7,79.1,large,Australia,Oceania,1.0,2.0,173.0,4.0
251-300,University of Tennessee,24716,17.0,0.05,49,44.2,29.5,23.2,81.4,41.3,39.3,large,United States,North America,1.0,2.0,172.0,3.0
251-300,Tomsk Polytechnic University,11902,6.9,0.17,39,42.7,31.6,15.1,82.4,60.2,32.7,medium,Russian Federation,Europe,0.0,1.0,139.0,2.0
251-300,Tulane University,11381,8.4,0.08,56,41.3,39.1,19.3,67.8,32.4,35.3,medium,United States,North America,1.0,1.0,172.0,3.0
251-300,Umeå University,16667,11.9,0.07,60,41.1,20.8,25.0,74.5,31.1,56.1,large,Sweden,Europe,0.0,2.0,145.0,2.0
251-300,Vienna University of Technology,26419,52.0,0.27,27,44.2,34.1,32.0,54.6,86.5,77.3,large,Austria,Europe,0.0,2.0,103.0,2.0
251-300,Virginia Polytechnic Institute and State University,30850,18.6,0.1,42,41.5,34.9,38.2,54.2,43.3,29.5,large,United States,North America,1.0,2.0,172.0,3.0
251-300,University of Wollongong,16489,25.4,0.24,50,42.0,25.8,28.4,59.3,57.9,86.8,large,Australia,Oceania,1.0,2.0,173.0,4.0
251-300,Zhejiang University,47508,15.9,0.04,41,41.8,44.3,46.0,36.1,96.2,19.6,large,China,Asia,0.0,2.0,61.0,1.0
301-350,Aberystwyth University,9252,19.2,0.18,48,38.5,21.6,18.9,67.2,31.3,72.2,medium,United Kingdom,Europe,1.0,1.0,148.0,2.0
301-350,University of Alaska Fairbanks,3837,8.2,0.07,53,38.7,25.1,23.1,63.0,51.2,53.5,small,United States,North America,1.0,0.0,172.0,3.0
301-350,Autonomous University of Madrid,28296,13.0,0.15,56,38.5,35.6,30.9,46.9,33.0,48.6,large,Spain,Europe,0.0,2.0,144.0,2.0
301-350,Bangor University,9567,19.5,0.22,55,39.9,22.6,22.1,65.4,31.0,81.3,medium,United Kingdom,Europe,1.0,1.0,148.0,2.0
301-350,University of Bremen,18590,25.6,0.11,50,39.0,30.9,32.7,50.0,46.0,50.0,large,Germany,Europe,0.0,2.0,118.0,2.0
301-350,University of Cincinnati,36108,15.7,0.06,54,40.1,31.3,20.4,72.1,35.3,28.3,large,United States,North America,1.0,2.0,172.0,3.0
301-350,University of Connecticut,25742,13.0,0.11,51,39.6,35.9,25.6,57.0,30.9,43.1,large,United States,North America,1.0,2.0,172.0,3.0
301-350,Deakin University,32713,30.4,0.17,60,39.8,22.4,21.9,66.8,30.0,76.9,large,Australia,Oceania,1.0,2.0,173.0,4.0
301-350,University of Essex,12695,19.8,0.39,55,39.5,33.9,33.3,38.6,28.9,93.7,medium,United Kingdom,Europe,1.0,1.0,148.0,2.0
301-350,George Mason University,26622,17.0,0.07,54,38.2,29.6,21.2,64.9,29.1,36.9,large,United States,North America,1.0,2.0,172.0,3.0
301-350,University of Greifswald,10931,24.0,0.06,55,38.4,30.1,23.5,61.3,32.6,41.7,medium,Germany,Europe,0.0,1.0,118.0,2.0
301-350,Gwangju Institute of Science and Technology,1394,9.6,0.08,25,40.1,35.2,42.0,43.7,45.2,36.2,small,South Korea,Asia,0.0,0.0,73.0,1.0
301-350,University of Hohenheim,9163,41.2,0.13,56,40.0,30.9,33.8,51.5,52.8,50.3,medium,Germany,Europe,0.0,1.0,118.0,2.0
301-350,University of Innsbruck,18209,16.9,0.39,54,40.5,23.6,16.9,67.3,39.9,95.7,large,Austria,Europe,0.0,2.0,103.0,2.0
301-350,Kazan Federal University,23321,12.2,0.06,69,39.5,21.9,12.3,87.5,42.4,25.5,large,Russian Federation,Europe,0.0,2.0,139.0,2.0
301-350,University of Kent,17638,14.4,0.27,53,38.6,24.6,19.1,60.9,28.8,87.2,large,United Kingdom,Europe,1.0,2.0,148.0,2.0
301-350,Leibniz University of Hanover,22401,62.7,0.12,41,38.7,36.5,36.9,39.0,69.6,43.2,large,Germany,Europe,0.0,2.0,118.0,2.0
301-350,Macquarie University,27930,20.0,0.44,55,40.0,28.5,27.2,52.3,33.1,90.0,large,Australia,Oceania,1.0,2.0,173.0,4.0
301-350,Medical College of Wisconsin,1211,0.6,0.05,48,39.9,25.4,12.1,85.2,31.8,30.4,small,United States,North America,1.0,0.0,172.0,3.0
301-350,University of Milan,58618,24.3,0.05,60,39.7,30.5,24.2,64.8,40.9,37.7,large,Italy,Europe,0.0,2.0,123.0,2.0
301-350,University of Milan-Bicocca,33370,72.5,0.05,60,38.4,24.3,25.5,65.8,46.6,34.3,large,Italy,Europe,0.0,2.0,123.0,2.0
301-350,Montpellier University,36731,18.4,0.14,51,39.3,38.7,16.7,59.5,31.9,54.4,large,France,Europe,0.0,2.0,116.0,2.0
301-350,Nagoya University,15529,7.9,0.1,29,40.3,40.8,38.9,40.1,91.4,27.4,large,Japan,Asia,0.0,2.0,69.0,1.0
301-350,University of Naples Federico II,83653,64.2,0.01,56,39.0,24.7,14.8,81.3,47.4,21.1,large,Italy,Europe,0.0,2.0,123.0,2.0
301-350,National Chiao Tung University,12646,16.6,0.05,27,38.6,32.9,45.4,34.2,96.9,32.0,medium,Taiwan,Asia,0.0,1.0,91.0,1.0
301-350,National Taiwan University of Science and Technology (Taiwan Tech)Taiwan,7446,17.4,0.11,34,38.8,31.7,43.1,39.1,92.2,30.5,medium,Italy,Europe,0.0,1.0,123.0,2.0
301-350,University of Navarra,11259,10.6,0.16,52,38.6,31.9,20.8,57.5,63.5,52.6,medium,Spain,Europe,0.0,1.0,144.0,2.0
301-350,University of Nebraska-Lincoln,21789,16.4,0.09,46,38.5,30.1,30.2,53.5,35.6,45.8,large,United States,North America,1.0,2.0,172.0,3.0
301-350,Örebro University,8788,15.8,0.02,61,38.7,18.3,10.4,87.8,29.8,39.4,medium,Sweden,Europe,0.0,1.0,145.0,2.0
301-350,University of Oregon,24418,20.2,0.11,52,38.2,21.2,22.7,72.6,30.8,33.5,large,United States,North America,1.0,2.0,172.0,3.0
301-350,University of Padua,62577,18.3,0.04,56,40.5,25.7,22.6,74.6,32.6,37.9,large,Italy,Europe,0.0,2.0,123.0,2.0
301-350,University of Pavia,22958,40.6,0.06,56,38.6,25.0,22.5,65.1,69.4,40.5,large,Italy,Europe,0.0,2.0,123.0,2.0
301-350,Plymouth University,24121,25.9,0.13,52,39.3,19.3,18.0,75.2,28.5,64.0,large,United Kingdom,Europe,1.0,2.0,148.0,2.0
301-350,Shanghai Jiao Tong University,38191,12.8,0.06,37,39.5,37.8,45.2,34.0,92.9,27.5,large,China,Asia,0.0,2.0,61.0,1.0
301-350,University of Southern Denmark,22210,12.7,0.16,52,40.2,19.2,14.7,79.7,28.0,71.8,large,Denmark,Europe,0.0,2.0,113.0,2.0
301-350,Stellenbosch University,21849,23.0,0.08,53,39.3,28.2,35.0,46.9,100.0,49.8,large,South Africa,Africa,0.0,2.0,44.0,0.0
301-350,University of Strasbourg,46208,17.8,0.21,58,40.2,25.5,23.4,64.4,32.8,71.6,large,France,Europe,0.0,2.0,116.0,2.0
301-350,TU Dortmund University,29143,88.9,0.1,47,40.1,34.2,29.8,55.3,48.6,40.8,large,Germany,Europe,0.0,2.0,118.0,2.0
301-350,Toulouse 1 Capitole University,19011,43.8,0.19,59,39.0,18.6,35.7,56.3,32.5,66.7,large,France,Europe,0.0,2.0,116.0,2.0
301-350,University of Trieste,18135,25.8,0.09,56,40.1,26.5,18.5,74.1,32.3,47.3,large,Italy,Europe,0.0,2.0,123.0,2.0
301-350,University of Turin,67552,66.0,0.06,62,39.4,27.4,22.3,67.5,54.2,38.8,large,Italy,Europe,0.0,2.0,123.0,2.0
301-350,University of Turku,12326,14.6,0.05,61,40.0,27.1,21.2,65.8,31.2,66.2,medium,Finland,Europe,0.0,1.0,115.0,2.0
301-350,Vrije Universiteit Brussel,9020,17.1,0.16,55,39.8,28.7,24.5,56.8,77.1,64.5,medium,Belgium,Europe,0.0,1.0,106.0,2.0
301-350,V_B - Technical University of Ostrava,14991,23.9,0.05,49,38.5,18.8,15.7,85.5,32.1,22.3,medium,Czech Republic,Europe,0.0,1.0,112.0,2.0
301-350,Yonsei University,24774,11.6,0.14,49,38.2,37.2,34.1,39.4,75.9,41.5,large,South Korea,Asia,0.0,2.0,73.0,1.0
301-350,York University,48007,39.4,0.09,59,38.2,30.2,30.8,49.1,33.2,58.2,large,Canada,North America,1.0,2.0,154.0,3.0
351-400,Binghamton University,15799,23.3,0.13,48,35.5,22.7,17.4,62.0,34.0,53.6,large,United States,North America,1.0,2.0,172.0,3.0
351-400,University of Crete,14650,26.9,0.05,63,37.8,18.6,19.2,73.6,34.5,47.0,medium,Greece,Europe,0.0,1.0,119.0,2.0
351-400,University of Cyprus,6880,22.9,0.08,69,37.3,18.0,28.5,56.7,30.0,74.7,medium,Cyprus,Europe,0.0,1.0,110.0,2.0
351-400,Drexel University,20713,10.8,0.17,48,35.4,31.2,14.6,57.7,36.3,46.3,large,United States,North America,1.0,2.0,172.0,3.0
351-400,University of Eastern Finland,10798,17.3,0.06,64,37.5,24.8,20.7,65.1,33.3,46.1,medium,Finland,Europe,0.0,1.0,115.0,2.0
351-400,University of Florence,54290,17.2,0.07,59,38.0,21.7,20.4,72.1,35.9,38.5,large,Italy,Europe,0.0,2.0,123.0,2.0
351-400,University of St Gallen,6848,10.8,0.34,32,35.5,25.8,11.2,53.5,41.8,97.6,medium,Switzerland,Europe,0.0,1.0,146.0,2.0
351-400,Graz University of Technology,7542,12.5,0.16,22,35.5,26.0,15.8,52.9,77.2,69.3,medium,Austria,Europe,0.0,1.0,103.0,2.0
351-400,University of Guelph,21643,28.3,0.04,60,37.2,28.0,34.2,44.4,47.4,53.6,large,Canada,North America,1.0,2.0,154.0,3.0
351-400,Hanyang University,16729,10.4,0.19,49,35.6,33.9,32.6,31.1,87.9,54.3,large,South Korea,Asia,0.0,2.0,73.0,1.0
351-400,Hong Kong Baptist University,10441,11.0,0.25,61,37.1,22.6,12.1,67.9,28.8,75.0,medium,Hong Kong,Asia,0.0,1.0,63.0,1.0
351-400,University of Houston,40325,43.7,0.09,50,37.6,34.9,26.5,52.0,42.3,33.9,large,United States,North America,1.0,2.0,172.0,3.0
351-400,Indian Institute of Technology Bombay,8327,14.9,0.01,16,36.9,37.8,28.6,48.5,42.3,17.7,medium,India,Asia,0.0,1.0,64.0,1.0
351-400,Instituto Superior Técnico Lisboa,11778,16.9,0.09,27,36.3,22.2,25.0,59.8,38.8,43.7,medium,Portugal,Europe,0.0,1.0,137.0,2.0
351-400,University of Jyväskylä,9703,15.2,0.05,62,37.1,28.2,25.5,55.5,34.2,47.1,medium,Finland,Europe,0.0,1.0,115.0,2.0
351-400,La Trobe University,22037,29.0,0.27,63,37.2,27.0,28.5,45.4,43.7,78.0,large,Australia,Oceania,1.0,2.0,173.0,4.0
351-400,Loughborough University,13951,15.9,0.22,38,37.8,31.2,32.2,41.3,36.6,72.9,medium,United Kingdom,Europe,1.0,1.0,148.0,2.0
351-400,University of Manitoba,28576,27.8,0.11,55,36.5,27.1,26.9,49.7,41.8,57.8,large,Canada,North America,1.0,2.0,154.0,3.0
351-400,University of Missouri,29885,14.1,0.05,53,36.8,31.2,21.0,60.2,31.1,31.0,large,United States,North America,1.0,2.0,172.0,3.0
351-400,University of Modena and Reggio Emilia,19693,25.3,0.06,54,35.5,18.7,15.6,72.9,32.3,34.2,large,Italy,Europe,0.0,2.0,123.0,2.0
351-400,University of Montana,12470,15.2,0.03,54,35.4,30.8,13.6,65.5,31.0,21.5,medium,United States,North America,1.0,1.0,172.0,3.0
351-400,Maynooth University,7653,28.0,0.11,55,35.9,24.6,22.8,50.2,36.6,75.6,medium,Ireland,Europe,1.0,1.0,122.0,2.0
351-400,University of Nebraska Medical Center,2857,2.6,0.08,67,38.1,37.0,13.3,64.4,33.6,37.7,small,United States,North America,1.0,0.0,172.0,3.0
351-400,University of New Mexico,23618,6.5,0.04,67,37.7,25.6,15.4,74.5,37.0,28.6,large,United States,North America,1.0,2.0,172.0,3.0
351-400,Norwegian University of Science and Technology,17381,13.9,0.09,46,36.4,16.3,25.8,59.8,51.8,59.9,large,Norway,Europe,0.0,2.0,135.0,2.0
351-400,University of Oulu,14056,8.5,0.06,49,35.4,23.1,15.9,62.3,30.9,56.9,medium,Finland,Europe,0.0,1.0,115.0,2.0
351-400,Panthéon-Sorbonne University – Paris 1,42215,34.3,0.2,59,36.6,53.2,47.6,6.8,28.3,47.6,large,France,Europe,0.0,2.0,116.0,2.0
351-400,Polytechnic University of Turin,27709,19.6,0.16,29,37.3,23.7,18.6,65.9,42.5,50.6,large,Italy,Europe,0.0,2.0,123.0,2.0
351-400,University of Rome III,36353,61.2,0.05,59,36.3,23.1,21.0,64.8,37.5,35.9,large,Italy,Europe,0.0,2.0,123.0,2.0
351-400,Bilkent University,9370,13.6,0.03,46,36.3,23.5,18.6,64.1,36.4,47.5,medium,Turkey,Asia,0.0,1.0,94.0,1.0
351-400,Sabancı University,2739,15.9,0.06,39,37.2,22.3,32.3,52.8,70.0,42.7,small,Turkey,Asia,0.0,0.0,94.0,1.0
351-400,San Diego State University,27420,31.7,0.05,57,35.7,20.3,27.0,62.7,29.3,25.9,large,United States,North America,1.0,2.0,172.0,3.0
351-400,University of South Australia,18971,26.2,0.32,59,37.1,26.4,26.7,41.2,85.9,89.0,large,Australia,Oceania,1.0,2.0,173.0,4.0
351-400,University of South Carolina,29336,16.3,0.01,55,36.0,31.1,21.5,58.7,30.3,24.5,large,United States,North America,1.0,2.0,172.0,3.0
351-400,University of South Dakota,8003,17.1,0.02,61,35.5,29.3,12.1,70.4,28.0,17.1,medium,United States,North America,1.0,1.0,172.0,3.0
351-400,State University of Campinas,27095,15.3,0.03,48,35.7,44.6,42.3,22.6,49.4,21.1,large,Brazil,South America,0.0,2.0,189.0,5.0
351-400,University of Stirling,7828,15.9,0.22,61,38.1,22.6,23.5,59.1,30.4,77.7,medium,United Kingdom,Europe,1.0,1.0,148.0,2.0
351-400,Sun Yat-sen University,51351,16.6,0.08,51,35.4,31.9,24.6,45.7,79.4,37.0,large,China,Asia,0.0,2.0,61.0,1.0
351-400,Swansea University,12801,17.1,0.2,49,37.5,22.2,23.8,58.2,32.7,72.4,medium,United Kingdom,Europe,1.0,1.0,148.0,2.0
351-400,Swinburne University of Technology,20314,36.5,0.32,44,35.7,21.5,20.2,53.4,32.2,84.8,large,Australia,Oceania,1.0,2.0,173.0,4.0
351-400,University of Tartu,10269,13.0,0.03,66,37.5,23.8,22.8,64.2,31.5,46.1,medium,Estonia,Europe,0.0,1.0,114.0,2.0
351-400,Temple University,33268,13.3,0.05,51,36.3,34.0,18.2,58.3,41.6,28.6,large,United States,North America,1.0,2.0,172.0,3.0
351-400,University of Texas at San Antonio,27520,26.9,0.06,48,35.8,18.1,16.6,74.9,28.6,29.6,large,United States,North America,1.0,2.0,172.0,3.0
351-400,UiT The Arctic University of Norway,10398,12.2,0.1,60,37.1,26.5,18.7,58.8,36.8,66.1,medium,Norway,Europe,0.0,1.0,135.0,2.0
351-400,Université Libre de Bruxelles,23819,26.1,0.32,54,38.0,26.1,28.3,47.9,39.1,84.5,large,Belgium,Europe,0.0,2.0,106.0,2.0
351-400,Lille 2 University – Health and Law,26894,38.5,0.08,58,35.6,15.1,9.5,81.7,31.5,39.4,large,France,Europe,0.0,2.0,116.0,2.0
351-400,University College Cork,15805,22.3,0.15,55,37.1,28.6,23.8,48.4,47.1,75.5,large,Ireland,Europe,1.0,2.0,122.0,2.0
351-400,Verona University,25250,19.7,0.07,65,37.6,23.6,13.1,76.1,36.6,38.3,large,Italy,Europe,0.0,2.0,123.0,2.0
351-400,Victoria University of Wellington,17142,21.1,0.21,55,37.5,26.0,28.7,44.3,45.6,88.8,large,New Zealand,Oceania,1.0,2.0,179.0,4.0
351-400,Washington State University,24550,18.3,0.07,50,36.4,29.0,28.2,49.6,57.1,39.6,large,United States,North America,1.0,2.0,172.0,3.0
351-400,Wayne State University,23065,10.7,0.06,57,36.7,31.9,14.2,65.3,41.7,29.6,large,United States,North America,1.0,2.0,172.0,3.0
401-500,American University,11604,12.0,0.12,60,33.0,42.2,16.5,41.1,35.9,28.9,medium,United States,North America,1.0,1.0,172.0,3.0
401-500,Aston University,8834,17.8,0.31,48,35.0,18.4,20.4,51.9,34.6,92.5,medium,United Kingdom,Europe,1.0,1.0,148.0,2.0
401-500,University of Aveiro,10791,17.8,0.1,51,32.9,24.8,26.5,43.6,40.1,45.9,medium,Portugal,Europe,0.0,1.0,137.0,2.0
401-500,University of Bari Aldo Moro,51560,65.1,0.02,65,33.2,28.7,21.6,48.8,45.4,31.7,large,Italy,Europe,0.0,2.0,123.0,2.0
401-500,Bar-Ilan University,17503,16.0,0.05,59,30.3,22.6,21.3,42.3,28.9,49.4,large,Israel,Asia,0.0,2.0,68.0,1.0
401-500,Makerere University,37340,29.4,0.09,50,34.7,15.9,11.8,70.7,33.1,58.0,large,Uganda,Africa,0.0,2.0,51.0,0.0
401-500,Bournemouth University,14907,25.9,0.18,53,30.0,32.0,12.6,35.2,28.8,70.6,medium,United Kingdom,Europe,1.0,1.0,148.0,2.0
401-500,University of Brescia,14076,25.0,0.07,48,34.5,15.6,14.8,72.3,35.8,36.6,medium,Italy,Europe,0.0,1.0,123.0,2.0
401-500,Brno University of Technology,23694,21.3,0.15,27,30.1,18.0,14.7,55.8,33.7,35.8,large,Czech Republic,Europe,0.0,2.0,112.0,2.0
401-500,Brunel University London,12613,17.6,0.38,46,34.0,24.8,23.3,39.5,34.7,91.8,medium,United Kingdom,Europe,1.0,1.0,148.0,2.0
401-500,Ca’ Foscari University of Venice,19267,38.3,0.07,66,33.8,23.9,27.8,48.9,32.3,38.1,large,Italy,Europe,0.0,2.0,123.0,2.0
401-500,University of Cagliari,30638,51.0,0.01,62,30.1,19.4,13.2,56.8,33.6,32.6,large,Italy,Europe,0.0,2.0,123.0,2.0
401-500,University of Canterbury,12187,16.5,0.2,51,33.6,23.5,22.5,38.9,52.1,91.0,medium,New Zealand,Oceania,1.0,1.0,179.0,4.0
401-500,Catholic University of the Sacred Heart,30304,18.9,0.1,49,29.5,18.6,11.3,55.4,38.7,39.0,large,Italy,Europe,0.0,2.0,123.0,2.0
401-500,Charles University in Prague,51438,13.0,0.15,62,32.9,31.5,21.5,41.0,28.2,52.8,large,Czech Republic,Europe,0.0,2.0,112.0,2.0
401-500,China Medical University,7983,15.4,0.08,53,33.0,24.0,29.4,45.0,60.4,25.7,medium,Taiwan,Asia,0.0,1.0,91.0,1.0
401-500,City,13053,17.8,0.5,55,33.9,23.5,21.2,43.5,28.9,89.6,medium,United Kingdom,Europe,1.0,1.0,148.0,2.0
401-500,Claude Bernard University Lyon 1France,35308,16.1,0.11,50,35.0,21.3,13.2,66.5,34.5,50.5,large,France,Europe,0.0,2.0,116.0,2.0
401-500,University of Coimbra,22795,19.0,0.11,55,33.5,28.3,26.5,42.4,34.8,46.2,large,Portugal,Europe,0.0,2.0,137.0,2.0
401-500,Complutense University of Madrid,86519,17.5,0.13,62,31.3,33.2,27.6,31.2,30.9,39.1,large,Spain,Europe,0.0,2.0,144.0,2.0
401-500,Concordia University,31017,30.3,0.27,50,30.3,19.3,23.4,36.4,30.9,77.4,large,Canada,North America,1.0,2.0,154.0,3.0
401-500,Curtin University,30333,17.1,0.38,53,33.4,20.1,20.2,44.6,37.8,93.1,large,Australia,Oceania,1.0,2.0,173.0,4.0
401-500,Dublin City University,8546,22.9,0.17,51,33.3,26.1,25.2,36.3,51.7,76.7,medium,Ireland,Europe,1.0,1.0,122.0,2.0
401-500,East China University of Science and Technology,27140,15.5,0.05,39,29.5,24.1,17.1,46.4,64.7,21.7,large,China,Asia,0.0,2.0,61.0,1.0
401-500,Ewha Womans University,17625,14.4,0.06,10,31.8,23.9,18.3,50.4,57.6,34.3,large,South Korea,Asia,0.0,2.0,73.0,1.0
401-500,Federico Santa María Technical University,11718,34.0,0.02,24,34.3,17.2,10.1,70.5,35.1,54.1,medium,Chile,South America,0.0,1.0,190.0,5.0
401-500,University of Ferrara,18882,30.2,0.07,56,33.5,17.7,17.2,63.3,35.9,41.8,large,Italy,Europe,0.0,2.0,123.0,2.0
401-500,Florida International University,32566,25.9,0.07,56,31.2,25.7,18.1,49.4,32.7,32.8,large,United States,North America,1.0,2.0,172.0,3.0
401-500,University of Genoa,37373,29.5,0.09,56,34.2,27.2,14.2,59.3,42.3,38.8,large,Italy,Europe,0.0,2.0,123.0,2.0
401-500,Georgia State University,28534,20.4,0.05,59,32.5,26.3,19.5,52.9,28.7,29.5,large,United States,North America,1.0,2.0,172.0,3.0
401-500,University of Graz,20584,26.8,0.12,65,34.3,24.9,16.3,53.3,29.3,68.9,large,Austria,Europe,0.0,2.0,103.0,2.0
401-500,Heriot-Watt University,8773,17.8,0.43,41,32.6,23.4,22.4,36.4,45.6,90.1,medium,United Kingdom,Europe,1.0,1.0,148.0,2.0
401-500,Hokkaido University,18162,8.2,0.09,29,34.2,40.3,32.8,29.3,53.7,27.9,large,Japan,Asia,0.0,2.0,69.0,1.0
401-500,Howard University,10297,6.8,0.05,65,31.7,38.8,11.0,44.5,47.0,30.3,medium,United States,North America,1.0,1.0,172.0,3.0
401-500,University of Hull,15141,18.7,0.2,52,30.2,22.4,16.1,41.1,31.8,73.2,large,United Kingdom,Europe,1.0,2.0,148.0,2.0
401-500,University of Idaho,11641,21.5,0.06,47,29.8,28.3,19.4,40.8,32.4,32.0,medium,United States,North America,1.0,1.0,172.0,3.0
401-500,Indian Institute of Technology Delhi,8371,17.3,0.01,18,31.2,35.8,25.8,33.4,62.8,15.5,medium,India,Asia,0.0,1.0,64.0,1.0
401-500,Indian Institute of Technology Kharagpur,9928,17.5,0.13,15,33.3,33.2,30.5,41.4,31.7,13.3,medium,India,Asia,0.0,1.0,64.0,1.0
401-500,Indian Institute of Technology Madras,8234,15.9,0.01,19,29.4,34.6,20.7,31.4,88.9,16.1,medium,India,Asia,0.0,1.0,64.0,1.0
401-500,University of Ioannina,20825,36.3,0.04,58,30.2,14.5,17.7,56.4,32.9,36.9,large,Greece,Europe,0.0,2.0,119.0,2.0
401-500,Iran University of Science and Technology,10311,23.9,0.13,24,30.7,25.9,26.0,42.3,61.2,12.2,medium,Iran,Asia,0.0,1.0,66.0,1.0
401-500,Johannes Kepler University of Linz,19646,29.1,0.1,48,30.7,19.2,13.8,51.6,37.4,58.5,large,Austria,Europe,0.0,2.0,103.0,2.0
401-500,University of Kaiserslautern,14184,54.4,0.14,36,35.2,29.6,22.6,47.5,80.2,44.1,medium,Germany,Europe,0.0,1.0,118.0,2.0
401-500,Keele University,8397,15.7,0.2,55,33.4,20.0,17.6,53.0,29.3,72.7,medium,United Kingdom,Europe,1.0,1.0,148.0,2.0
401-500,University of KwaZulu-Natal,30572,24.9,0.06,58,31.6,20.3,25.7,41.5,38.2,58.6,large,South Africa,Africa,0.0,2.0,44.0,0.0
401-500,Kyung Hee University,24356,17.4,0.14,46,33.6,26.1,27.6,39.2,89.4,46.4,large,South Korea,Asia,0.0,2.0,73.0,1.0
401-500,Kyushu University,18925,6.7,0.08,28,32.8,36.5,27.5,31.8,83.2,26.4,large,Japan,Asia,0.0,2.0,69.0,1.0
401-500,Lehigh University,6300,11.3,0.15,44,32.8,23.9,15.0,58.2,38.9,36.0,medium,United States,North America,1.0,1.0,172.0,3.0
401-500,Louisiana State University,28116,20.1,0.05,52,30.1,26.8,27.7,37.8,19.9,26.1,large,United States,North America,1.0,2.0,172.0,3.0
401-500,University of Macau,8521,14.9,0.31,58,33.8,18.5,17.0,49.7,34.9,98.4,medium,Macao,Asia,0.0,1.0,78.0,1.0
401-500,Marche Polytechnic University,16589,23.0,0.04,45,34.7,15.2,11.0,80.2,28.0,27.3,large,Italy,Europe,0.0,2.0,123.0,2.0
401-500,University of Maryland,13908,18.1,0.07,46,33.1,21.3,18.2,61.3,31.7,28.2,medium,United States,North America,1.0,1.0,172.0,3.0
401-500,Murdoch University,16606,32.8,0.43,59,34.4,18.7,19.6,51.2,36.5,88.3,large,Australia,Oceania,1.0,2.0,173.0,4.0
401-500,University of Nantes,33866,22.2,0.11,56,33.9,19.6,12.2,69.4,35.9,35.1,large,France,Europe,0.0,2.0,116.0,2.0
401-500,National and Kapodistrian University of Athens,63052,32.3,0.09,61,30.4,26.7,16.3,45.8,34.7,39.0,large,Greece,Europe,0.0,2.0,119.0,2.0
401-500,National Autonomous University of Mexico,137378,11.6,0.05,51,33.6,42.7,40.2,14.8,63.7,35.9,large,Mexico,North America,0.0,2.0,165.0,3.0
401-500,National Cheng Kung University (NCKU),21234,14.4,0.11,36,33.7,29.8,40.2,27.2,100.0,27.7,large,Taiwan,Asia,0.0,2.0,91.0,1.0
401-500,National Institute of Applied Sciences of Lyon (INSA Lyon),6137,8.2,0.31,31,29.6,27.0,10.6,41.8,40.3,63.6,medium,France,Europe,0.0,1.0,116.0,2.0
401-500,National Yang-Ming University,4496,5.4,0.02,48,29.9,41.5,18.5,33.3,30.2,15.8,small,Taiwan,Asia,0.0,0.0,91.0,1.0
401-500,University of Neuchâtel,4358,8.5,0.22,59,33.8,24.2,14.7,48.2,33.9,91.4,small,Switzerland,Europe,0.0,0.0,146.0,2.0
401-500,NOVA University of Lisbon,18867,17.9,0.07,49,30.5,26.9,21.9,38.3,41.3,44.5,large,Portugal,Europe,0.0,2.0,137.0,2.0
401-500,University of Nice Sophia Antipolis,27304,20.3,0.22,56,34.0,21.4,16.1,53.7,28.5,79.5,large,France,Europe,0.0,2.0,116.0,2.0
401-500,Novosibirsk State University,7131,7.1,0.13,52,32.9,41.4,30.8,26.2,38.2,32.4,medium,Russian Federation,Europe,0.0,1.0,139.0,2.0
401-500,The Open University,76683,35.9,0.09,61,33.1,21.0,13.8,60.3,28.4,51.5,large,United Kingdom,Europe,1.0,2.0,148.0,2.0
401-500,Oxford Brookes University,14238,18.5,0.25,57,32.0,25.7,18.8,42.7,28.4,68.9,medium,United Kingdom,Europe,1.0,1.0,148.0,2.0
401-500,University of Palermo,43875,22.4,0.01,60,33.0,15.3,9.1,77.4,28.0,23.6,large,Italy,Europe,0.0,2.0,123.0,2.0
401-500,University of Parma,26937,29.1,0.07,56,30.9,17.7,16.6,56.4,37.1,36.8,large,Italy,Europe,0.0,2.0,123.0,2.0
401-500,University of Pisa,47247,18.0,0.03,52,34.6,21.6,18.9,64.5,31.4,31.1,large,Italy,Europe,0.0,2.0,123.0,2.0
401-500,Polytechnic University of Catalonia,22893,11.7,0.28,12,31.2,25.2,14.8,44.7,40.9,63.9,large,Spain,Europe,0.0,2.0,144.0,2.0
401-500,Pontifical Catholic University of Chile,25075,15.3,0.07,49,30.6,28.2,21.3,37.0,28.0,52.4,large,Chile,South America,0.0,2.0,190.0,5.0
401-500,University of Porto,32720,18.8,0.09,54,33.6,32.0,28.2,37.2,38.7,45.4,large,Portugal,Europe,0.0,2.0,137.0,2.0
401-500,University of Portsmouth,20161,19.1,0.23,45,32.6,17.2,10.9,58.2,28.9,79.3,large,United Kingdom,Europe,1.0,2.0,148.0,2.0
401-500,RMIT University,29501,18.1,0.24,47,33.2,24.7,17.7,44.6,37.0,82.1,large,Australia,Oceania,1.0,2.0,173.0,4.0
401-500,University of Rome II – Tor Vergata,33504,26.5,0.06,52,35.2,23.5,17.2,64.5,34.7,36.5,large,Italy,Europe,0.0,2.0,123.0,2.0
401-500,University of Rovira i Virgili,12533,12.8,0.09,61,34.6,20.8,14.8,66.9,30.9,41.5,medium,Spain,Europe,0.0,1.0,144.0,2.0
401-500,Saint Petersburg State University,20836,5.2,0.07,60,31.4,47.9,31.4,14.5,29.5,33.0,large,Russian Federation,Europe,0.0,2.0,139.0,2.0
401-500,University of Salento,19959,58.4,0.01,64,31.5,29.6,13.2,53.0,36.2,24.5,large,Italy,Europe,0.0,2.0,123.0,2.0
401-500,University of San Francisco,10788,17.0,0.17,63,31.0,34.2,12.9,43.8,28.6,40.1,medium,United States,North America,1.0,1.0,172.0,3.0
401-500,University of Saskatchewan,19028,16.3,0.14,57,33.4,30.8,22.4,39.7,62.9,52.9,large,Canada,North America,1.0,2.0,154.0,3.0
401-500,Sharif University of Technology,10977,18.7,0.13,27,30.5,26.6,30.1,33.7,87.8,15.9,medium,Iran,Asia,0.0,1.0,66.0,1.0
401-500,University of Siena,18846,23.6,0.05,59,29.8,23.7,17.8,45.2,33.2,39.0,large,Italy,Europe,0.0,2.0,123.0,2.0
401-500,Southern Cross University,9026,32.8,0.15,66,32.0,18.9,18.3,53.3,37.7,52.7,medium,Australia,Oceania,1.0,1.0,173.0,4.0
401-500,State University of New York Albany,15387,18.5,0.08,51,32.0,25.6,35.3,35.5,28.0,31.4,large,United States,North America,1.0,2.0,172.0,3.0
401-500,University of Strathclyde,15705,20.2,0.2,50,32.1,25.9,28.0,31.8,44.1,71.0,large,United Kingdom,Europe,1.0,2.0,148.0,2.0
401-500,University of Tampere,10045,9.5,0.04,66,34.4,23.5,13.7,63.7,40.0,41.9,medium,Finland,Europe,0.0,1.0,115.0,2.0
401-500,Bo_aziçi University,11506,25.0,0.07,50,30.3,21.9,19.2,45.4,57.1,38.3,medium,Turkey,Asia,0.0,1.0,94.0,1.0
401-500,Tampere University of Technology,6147,15.5,0.13,23,31.5,23.1,17.2,45.5,67.5,54.0,medium,Finland,Europe,0.0,1.0,115.0,2.0
401-500,Tokyo Medical and Dental University (TMDU),2872,3.3,0.07,51,31.5,39.3,18.3,36.6,59.5,23.1,small,Japan,Asia,0.0,0.0,69.0,1.0
401-500,Tokyo Metropolitan University,9303,9.9,0.03,35,33.8,21.6,11.4,72.2,30.9,19.9,medium,Japan,Asia,0.0,1.0,69.0,1.0
401-500,University of Tsukuba,15930,12.6,0.16,38,34.8,40.0,30.0,33.7,42.9,34.4,large,Japan,Asia,0.0,2.0,69.0,1.0
401-500,University of Ulsan,14037,13.3,0.03,45,31.2,19.5,20.5,54.0,64.7,18.6,medium,South Korea,Asia,0.0,1.0,73.0,1.0
401-500,Ulster University,19622,15.8,0.15,55,29.6,19.1,13.2,44.1,29.2,79.0,large,United Kingdom,Europe,1.0,2.0,148.0,2.0
401-500,Université du Québec à Montréal,27046,24.7,0.09,61,31.8,26.8,24.5,41.6,29.2,42.9,large,Canada,North America,1.0,2.0,154.0,3.0
401-500,Universiti Teknologi Malaysia,16270,9.0,0.13,43,30.3,26.3,14.6,44.7,31.1,51.7,large,Malaysia,Asia,0.0,2.0,79.0,1.0
401-500,University of Urbino Carlo Bo,13435,37.4,0.07,61,31.2,17.2,8.7,66.8,31.2,35.0,medium,Italy,Europe,0.0,1.0,123.0,2.0
401-500,University of Valencia,58413,15.4,0.09,60,30.6,22.7,16.9,49.6,31.3,40.5,large,Spain,Europe,0.0,2.0,144.0,2.0
401-500,University of Waikato,10159,17.0,0.25,57,34.7,19.3,18.2,53.7,30.7,87.0,medium,New Zealand,Oceania,1.0,1.0,179.0,4.0
401-500,Western Sydney University,30704,32.2,0.09,56,33.9,20.1,24.6,52.3,30.7,54.0,large,Australia,Oceania,1.0,2.0,173.0,4.0
401-500,Wuhan University,46227,14.4,0.07,49,30.1,38.2,26.8,18.0,97.8,36.7,large,China,Asia,0.0,2.0,61.0,1.0
401-500,Xiamen University,32921,12.3,0.05,52,28.9,26.7,15.6,47.0,8.7,25.0,large,China,Asia,0.0,2.0,61.0,1.0
501-600,American University of Beirut,7695,8.9,0.25,51,29.2,27.7,11.2,31.9,38.4,93.0,medium,Lebanon,Asia,0.0,1.0,77.0,1.0
501-600,Amirkabir University of Technology,14080,25.6,0.01,34,27.5,24.5,25.7,34.8,55.7,7.7,medium,Iran,Asia,0.0,1.0,66.0,1.0
501-600,University of the Andes,15773,16.9,0.02,44,24.4,21.2,13.8,31.2,28.0,51.7,large,Colombia,South America,0.0,2.0,191.0,5.0
501-600,University of Arkansas,22819,21.2,0.05,50,24.8,25.5,17.4,30.3,36.9,25.9,large,United States,North America,1.0,2.0,172.0,3.0
501-600,Auburn University,22386,17.6,0.04,51,24.2,30.2,19.4,21.0,37.2,27.9,large,United States,North America,1.0,2.0,172.0,3.0
501-600,Babe_-Bolyai University,37915,23.5,0.02,67,25.1,27.9,12.5,32.1,28.6,35.4,large,Romania,Europe,0.0,2.0,138.0,2.0
501-600,Bauman Moscow State Technical University,18808,4.0,0.04,23,24.1,44.0,23.7,3.1,68.1,15.6,large,Russian Federation,Europe,0.0,2.0,139.0,2.0
501-600,Blaise Pascal University,15619,7.1,0.17,55,26.8,20.2,2.9,46.9,33.5,66.6,large,France,Europe,0.0,2.0,116.0,2.0
501-600,University of Burgundy,26612,20.8,0.11,54,27.9,21.4,8.8,46.3,47.0,50.9,large,France,Europe,0.0,2.0,116.0,2.0
501-600,University of Canberra,11221,28.6,0.24,54,25.3,18.4,19.3,29.8,36.2,54.6,medium,Australia,Oceania,1.0,1.0,173.0,4.0
501-600,Ben-Gurion University of the Negev,16695,12.6,0.02,49,28.6,25.8,23.1,30.1,37.0,52.9,large,Israel,Asia,0.0,2.0,68.0,1.0
501-600,Carleton University,25036,29.8,0.18,47,28.1,19.9,24.0,32.0,30.4,61.3,large,Canada,North America,1.0,2.0,154.0,3.0
501-600,University of Catania,55859,49.7,0.01,61,29.0,19.2,15.9,52.9,29.5,25.3,large,Italy,Europe,0.0,2.0,123.0,2.0
501-600,Central Queensland University,11452,29.6,0.27,59,27.4,20.9,11.4,43.7,32.5,50.8,medium,Australia,Oceania,1.0,1.0,173.0,4.0
501-600,University of Chile,29207,14.2,0.03,47,27.6,28.3,19.6,30.5,32.0,44.1,large,Chile,South America,0.0,2.0,190.0,5.0
501-600,China Agricultural University,19342,12.0,0.01,57,27.6,35.8,24.9,22.6,52.3,17.6,large,China,Asia,0.0,2.0,61.0,1.0
501-600,Chung-Ang University,13015,17.4,0.17,45,27.3,29.9,27.6,17.4,61.3,43.7,medium,South Korea,Asia,0.0,1.0,73.0,1.0
501-600,Czech Technical University in Prague,22751,12.0,0.13,0,25.5,20.6,9.3,46.5,28.2,25.0,large,Czech Republic,Europe,0.0,2.0,112.0,2.0
501-600,De Montfort University,16812,19.1,0.21,57,25.2,16.8,10.1,40.1,28.5,58.4,large,United Kingdom,Europe,1.0,2.0,148.0,2.0
501-600,East China Normal University,29623,14.0,0.11,63,28.1,24.6,14.7,43.3,42.0,30.6,large,China,Asia,0.0,2.0,61.0,1.0
501-600,Edith Cowan University,16671,34.2,0.18,61,27.0,18.9,16.1,35.0,34.5,68.7,large,Australia,Oceania,1.0,2.0,173.0,4.0
501-600,Federal University of Rio de Janeiro,52878,12.8,0.02,54,24.1,32.4,19.7,18.3,42.9,25.1,large,Brazil,South America,0.0,2.0,189.0,5.0
501-600,University of Granada,53476,16.0,0.06,56,28.9,24.3,14.7,45.8,29.4,36.4,large,Spain,Europe,0.0,2.0,144.0,2.0
501-600,University of Haifa,17758,30.8,0.01,65,27.7,25.5,29.5,26.2,30.3,34.7,large,Israel,Asia,0.0,2.0,68.0,1.0
501-600,Harbin Institute of Technology,31658,10.8,0.07,29,26.1,29.4,27.3,15.7,99.8,25.6,large,China,Asia,0.0,2.0,61.0,1.0
501-600,University of Hertfordshire,19665,19.4,0.27,54,29.3,15.5,9.5,50.5,29.3,78.9,large,United Kingdom,Europe,1.0,2.0,148.0,2.0
501-600,Hiroshima University,14686,8.2,0.05,36,29.2,27.8,18.9,41.7,42.2,22.2,medium,Japan,Asia,0.0,1.0,69.0,1.0
501-600,Huazhong University of Science and Technology,57242,17.7,0.03,34,28.2,29.3,22.7,31.6,71.8,17.3,large,China,Asia,0.0,2.0,61.0,1.0
501-600,Indian Institute of Technology Guwahati,4710,14.2,0.01,14,28.1,24.3,20.7,42.6,32.3,12.9,small,India,Asia,0.0,0.0,64.0,1.0
501-600,Indian Institute of Technology Kanpur,6167,12.2,0.13,13,25.8,33.1,15.0,31.5,28.0,16.4,medium,India,Asia,0.0,1.0,64.0,1.0
501-600,Indian Institute of Technology Roorkee,8061,18.7,0.01,17,28.4,29.7,17.5,37.2,81.4,13.9,medium,India,Asia,0.0,1.0,64.0,1.0
501-600,Isfahan University of Technology,10964,26.5,0.01,39,28.0,18.1,23.0,39.5,99.5,17.2,medium,Iran,Asia,0.0,1.0,66.0,1.0
501-600,Istanbul Technical University,34550,16.0,0.05,34,25.0,19.2,25.8,26.5,72.1,22.9,large,Turkey,Asia,0.0,2.0,94.0,1.0
501-600,Jadavpur University,10697,16.1,0.13,30,27.5,32.8,22.2,31.8,33.8,7.7,medium,India,Asia,0.0,1.0,64.0,1.0
501-600,Kanazawa University,10546,10.4,0.05,36,24.6,24.7,14.8,35.5,30.4,18.4,medium,Japan,Asia,0.0,1.0,69.0,1.0
501-600,Kansas State University,21379,15.1,0.1,50,28.1,22.9,17.5,39.3,43.1,41.7,large,United States,North America,1.0,2.0,172.0,3.0
501-600,Keio University,33751,11.9,0.05,32,24.0,25.0,17.5,28.5,41.4,22.7,large,Japan,Asia,0.0,2.0,69.0,1.0
501-600,Kent State University,23122,19.0,0.07,58,29.1,18.4,14.2,53.8,28.5,32.4,large,United States,North America,1.0,2.0,172.0,3.0
501-600,King Fahd University of Petroleum and Minerals,6898,7.1,0.19,0,28.1,25.4,16.1,24.4,81.2,84.5,medium,Saudi Arabia,Asia,0.0,1.0,87.0,1.0
501-600,King Saud University,40666,13.4,0.06,49,25.0,20.0,17.5,22.3,57.4,75.5,large,Saudi Arabia,Asia,0.0,2.0,87.0,1.0
501-600,University of La Laguna,22422,14.9,0.05,58,25.6,16.9,10.0,44.8,28.5,44.7,large,Spain,Europe,0.0,2.0,144.0,2.0
501-600,Lappeenranta University of Technology,3486,23.9,0.19,31,28.6,27.1,27.5,20.8,80.3,53.0,small,Finland,Europe,0.0,0.0,115.0,2.0
501-600,University of Limerick,12212,19.8,0.13,46,28.4,19.8,16.3,36.6,34.0,76.5,medium,Ireland,Europe,1.0,1.0,122.0,2.0
501-600,University of Lisbon,47849,17.5,0.09,51,27.4,25.9,18.3,32.4,35.4,46.6,large,Portugal,Europe,0.0,2.0,137.0,2.0
501-600,Liverpool John Moores University,18513,19.8,0.13,52,27.5,16.4,11.6,45.9,28.8,62.1,large,United Kingdom,Europe,1.0,2.0,148.0,2.0
501-600,Mahidol University,27402,7.5,0.03,63,26.2,26.8,15.1,28.3,71.6,44.1,large,Thailand,Asia,0.0,2.0,93.0,1.0
501-600,Manchester Metropolitan University,28037,18.2,0.14,57,24.3,22.7,10.6,30.8,28.3,57.8,large,United Kingdom,Europe,1.0,2.0,148.0,2.0
501-600,University of Maribor,14531,17.3,0.04,54,24.7,17.1,11.5,42.1,38.7,33.6,medium,Slovenia,Europe,0.0,1.0,143.0,2.0
501-600,Masaryk University,40898,26.6,0.17,62,26.0,21.2,22.9,27.8,28.5,48.9,large,Czech Republic,Europe,0.0,2.0,112.0,2.0
501-600,University of the Basque Country,46373,15.3,0.05,53,27.6,18.2,19.6,43.1,30.3,34.9,large,Spain,Europe,0.0,2.0,144.0,2.0
501-600,Massey University,19101,16.8,0.15,62,28.6,23.1,17.1,31.9,35.8,80.5,large,New Zealand,Oceania,1.0,2.0,179.0,4.0
501-600,Memorial University of Newfoundland,15464,14.6,0.1,59,26.1,18.1,15.8,35.6,48.3,53.3,large,Canada,North America,1.0,2.0,154.0,3.0
501-600,Middle East Technical University,25779,22.2,0.07,44,26.3,29.9,17.3,28.8,60.0,26.7,large,Turkey,Asia,0.0,2.0,94.0,1.0
501-600,University of Minho,19090,18.8,0.09,52,28.4,23.9,20.1,35.3,51.6,43.6,large,Portugal,Europe,0.0,2.0,137.0,2.0
501-600,Missouri University of Science and Technology,7647,15.5,0.12,23,25.5,23.5,18.4,28.7,52.8,40.6,medium,United States,North America,1.0,1.0,172.0,3.0
501-600,Montana State University,12331,17.8,0.04,46,29.1,17.7,21.8,48.0,43.0,23.5,medium,United States,North America,1.0,1.0,172.0,3.0
501-600,Monterrey Institute of Technology and Higher Education,14353,20.5,0.12,40,24.4,23.9,12.7,23.4,75.8,59.6,medium,Mexico,North America,0.0,1.0,165.0,3.0
501-600,National Central University,10915,9.8,0.06,31,24.0,26.3,23.2,17.5,75.3,27.1,medium,Taiwan,Asia,0.0,1.0,91.0,1.0
501-600,National Sun Yat-Sen University,9336,19.6,0.04,37,28.1,26.1,33.0,25.8,44.3,19.7,medium,Taiwan,Asia,0.0,1.0,91.0,1.0
501-600,National Taiwan Normal University,11072,13.0,0.19,57,27.0,26.2,31.3,16.2,81.9,38.1,medium,Taiwan,Asia,0.0,1.0,91.0,1.0
501-600,National Technical University of Athens,14780,26.9,0.07,36,24.8,20.2,15.0,36.2,40.3,31.3,medium,Greece,Europe,0.0,1.0,119.0,2.0
501-600,Moscow Institute of Physics and Technology,5395,7.0,0.12,20,25.7,35.4,18.4,15.5,62.8,44.4,medium,Russian Federation,Europe,0.0,1.0,139.0,2.0
501-600,New Jersey Institute of Technology,10646,26.2,0.17,25,24.8,18.9,16.6,32.2,32.2,48.5,medium,United States,North America,1.0,1.0,172.0,3.0
501-600,New Mexico State University,15035,18.8,0.07,54,28.9,19.5,19.2,47.2,34.6,30.5,large,United States,North America,1.0,2.0,172.0,3.0
501-600,University of North Carolina at Greensboro,16446,19.2,0.02,66,25.0,18.2,15.3,43.1,28.9,17.4,large,United States,North America,1.0,2.0,172.0,3.0
501-600,Oklahoma State University,21270,21.4,0.07,49,27.8,27.5,22.7,33.1,33.7,25.6,large,United States,North America,1.0,2.0,172.0,3.0
501-600,Osaka City University,8604,10.1,0.04,36,24.8,26.3,13.4,34.4,40.7,21.3,medium,Japan,Asia,0.0,1.0,69.0,1.0
501-600,Otto von Guericke University of Magdeburg,14104,13.1,0.13,42,27.3,22.9,14.4,39.7,37.7,43.9,medium,Germany,Europe,0.0,1.0,118.0,2.0
501-600,University of Oviedo,24210,13.7,0.05,54,25.2,19.5,10.8,41.9,34.1,36.2,large,Spain,Europe,0.0,2.0,144.0,2.0
501-600,Palack_ University Olomouc,18540,11.4,0.09,70,26.5,19.2,11.8,42.9,28.7,48.8,large,Czech Republic,Europe,0.0,2.0,112.0,2.0
501-600,Panjab University,16691,23.9,0.01,46,24.1,24.6,8.8,41.0,28.1,14.1,large,India,Asia,0.0,2.0,64.0,1.0
501-600,Paris Dauphine University,9565,15.4,0.28,53,24.1,21.9,11.1,27.6,30.6,69.3,medium,France,Europe,0.0,1.0,116.0,2.0
501-600,Pontifical Catholic University of Rio de Janeiro (PUC-Rio),14300,21.2,0.03,49,26.4,24.5,24.1,23.1,100.0,31.3,medium,Brazil,South America,0.0,1.0,189.0,5.0
501-600,Portland State University,20398,22.2,0.08,54,25.8,16.8,14.4,43.3,44.6,31.6,large,United States,North America,1.0,2.0,172.0,3.0
501-600,University of Pretoria,37314,20.0,0.08,57,24.1,25.6,21.2,17.5,52.4,46.0,large,South Africa,Africa,0.0,2.0,44.0,0.0
501-600,Pusan National University,24929,19.7,0.12,51,25.9,27.5,24.7,20.4,66.8,32.9,large,South Korea,Asia,0.0,2.0,73.0,1.0
501-600,Quaid-i-azam University,12688,25.7,0.13,53,25.5,17.9,9.9,45.6,31.9,35.4,medium,Pakistan,Asia,0.0,1.0,84.0,1.0
501-600,University of Regina,11550,22.8,0.12,61,24.1,15.6,15.8,34.2,34.4,47.7,medium,Canada,North America,1.0,1.0,154.0,3.0
501-600,Renmin University of China,24954,12.7,0.06,49,27.8,34.7,13.7,30.7,42.5,40.1,large,China,Asia,0.0,2.0,61.0,1.0
501-600,University of Rennes 1France,22186,13.9,0.12,50,26.6,17.8,10.3,44.7,31.7,53.0,large,France,Europe,0.0,2.0,116.0,2.0
501-600,University of Salamanca,31035,17.9,0.12,58,24.5,26.1,16.9,25.9,31.6,40.8,large,Spain,Europe,0.0,2.0,144.0,2.0
501-600,University of Santiago de Compostela,29085,15.3,0.06,63,28.8,22.9,14.1,46.9,32.3,37.1,large,Spain,Europe,0.0,2.0,144.0,2.0
501-600,Semmelweis University,12920,10.9,0.25,64,28.4,19.6,10.6,41.5,30.7,81.7,medium,Hungary,Europe,0.0,1.0,120.0,2.0
501-600,University of Seville,64931,17.5,0.07,55,24.0,21.5,14.9,32.6,36.7,32.0,large,Spain,Europe,0.0,2.0,144.0,2.0
501-600,Université de Sherbrooke,13438,5.4,0.05,54,26.6,25.6,9.5,41.3,29.6,39.8,medium,Canada,North America,1.0,1.0,154.0,3.0
501-600,Soochow University,36465,12.9,0.02,78,26.7,19.2,13.7,45.8,75.3,16.0,large,China,Asia,0.0,2.0,61.0,1.0
501-600,South China University of Technology,41438,17.7,0.03,33,24.4,19.5,22.1,28.1,86.8,17.5,large,China,Asia,0.0,2.0,61.0,1.0
501-600,Tallinn University of Technology,14061,28.6,0.05,44,25.0,16.3,15.0,38.7,44.8,37.9,medium,Estonia,Europe,0.0,1.0,114.0,2.0
501-600,Tehran University of Medical Sciences,13912,9.0,0.01,62,26.1,51.8,20.0,9.3,30.0,14.1,medium,Iran,Asia,0.0,1.0,66.0,1.0
501-600,University of Texas at Arlington,29396,10.5,0.1,60,28.9,20.1,10.1,50.9,33.4,50.3,large,United States,North America,1.0,2.0,172.0,3.0
501-600,Tianjin University,29693,12.2,0.01,49,28.5,36.5,34.4,12.2,100.0,14.7,large,China,Asia,0.0,2.0,61.0,1.0
501-600,Tokyo University of Agriculture and Technology,5865,14.4,0.05,27,25.2,34.9,24.1,16.9,39.9,19.4,medium,Japan,Asia,0.0,1.0,69.0,1.0
501-600,University of Toledo,19465,17.5,0.09,50,26.1,31.6,13.4,29.9,32.9,37.7,large,United States,North America,1.0,2.0,172.0,3.0
501-600,Tongji University,37394,13.5,0.1,38,25.7,28.9,29.2,13.1,63.5,37.2,large,China,Asia,0.0,2.0,61.0,1.0
501-600,University of Tulsa,4597,12.5,0.25,43,25.2,29.7,12.9,24.6,71.7,43.8,small,United States,North America,1.0,0.0,172.0,3.0
501-600,United Arab Emirates University,9221,12.5,0.26,76,24.5,18.8,14.8,21.7,30.1,95.0,medium,United Arab Emirates,Asia,0.0,1.0,96.0,1.0
501-600,University of Warsaw,49292,14.1,0.07,67,29.1,26.1,15.8,42.2,28.5,41.6,large,Poland,Europe,0.0,2.0,136.0,2.0
501-600,University of Wisconsin-Milwaukee,22542,18.4,0.05,52,25.7,17.3,13.8,45.5,29.0,26.0,large,United States,North America,1.0,2.0,172.0,3.0
501-600,Xi’an Jiaotong University,29863,12.3,0.04,34,26.7,28.7,22.5,25.5,70.4,25.8,large,China,Asia,0.0,2.0,61.0,1.0
501-600,University of Zaragoza,31046,11.8,0.05,55,28.1,20.1,12.7,49.5,36.7,33.5,large,Spain,Europe,0.0,2.0,144.0,2.0
601-800,University of A Coruña,17062,13.0,0.02,52,16.2,18.3,10.0,16.6,38.2,23.4,large,Spain,Europe,0.0,2.0,144.0,2.0
601-800,Adam Mickiewicz University,40633,15.6,0.01,71,16.5,20.0,11.0,15.3,28.7,25.7,large,Poland,Europe,0.0,2.0,136.0,2.0
601-800,AGH University of Science and Technology,35569,17.0,0.13,0,18.3,14.2,3.7,35.7,36.2,17.9,large,Poland,Europe,0.0,2.0,136.0,2.0
601-800,Ajou University,12706,11.3,0.02,33,19.2,19.5,11.9,23.9,45.7,20.0,medium,South Korea,Asia,0.0,1.0,73.0,1.0
601-800,University of Alcalá,30812,25.1,0.18,53,22.0,17.6,11.2,28.3,43.3,50.0,large,Spain,Europe,0.0,2.0,144.0,2.0
601-800,Alexandria University,127431,23.3,0.01,46,16.1,20.3,8.2,14.1,29.7,33.7,large,Egypt,Africa,0.0,2.0,14.0,0.0
601-800,Alexandru Ioan Cuza University,25724,33.0,0.05,63,17.9,24.9,13.6,7.0,28.2,46.9,large,Romania,Europe,0.0,2.0,138.0,2.0
601-800,Aligarh Muslim University,11197,10.5,0.02,17,19.9,28.3,10.0,20.9,29.6,18.7,medium,India,Asia,0.0,1.0,64.0,1.0
601-800,American University of Sharjah,5226,14.1,0.82,48,18.9,12.4,10.6,13.3,33.3,95.6,medium,United Arab Emirates,Asia,0.0,1.0,96.0,1.0
601-800,Amrita Vishwa Vidyapeetham,17273,6.6,0.08,49,17.0,20.4,5.8,20.7,28.0,29.6,large,India,Asia,0.0,2.0,64.0,1.0
601-800,Anadolu University,379231,162.6,0.01,78,17.3,12.2,22.6,10.9,100.0,14.3,large,Turkey,Asia,0.0,2.0,94.0,1.0
601-800,Andhra University,10407,20.2,0.03,36,14.2,34.8,6.9,1.2,31.3,7.2,medium,India,Asia,0.0,1.0,64.0,1.0
601-800,University of Antioquia,38872,23.0,0.01,50,20.4,18.1,21.1,14.8,43.6,42.0,large,Colombia,South America,0.0,2.0,191.0,5.0
601-800,Aristotle University of Thessaloniki,46288,22.2,0.09,52,23.7,22.6,15.0,29.5,33.6,36.6,large,Greece,Europe,0.0,2.0,119.0,2.0
601-800,Asia University,12119,26.3,0.03,53,20.6,14.4,15.9,30.5,38.4,18.3,medium,Taiwan,Asia,0.0,1.0,91.0,1.0
601-800,Athens University of Economics and Business,13167,57.5,0.06,47,23.6,13.4,18.8,31.2,66.5,39.2,medium,Greece,Europe,0.0,1.0,119.0,2.0
601-800,Auckland University of Technology,18981,18.1,0.38,58,22.5,17.3,9.8,21.7,28.5,95.6,large,New Zealand,Oceania,1.0,2.0,179.0,4.0
601-800,Austral University of Chile,13794,17.8,0.01,47,16.6,16.7,9.7,14.2,41.1,45.2,medium,Chile,South America,0.0,1.0,190.0,5.0
601-800,Beijing Institute of Technology,25983,12.6,0.03,35,20.5,25.9,21.7,9.1,87.6,16.9,large,China,Asia,0.0,2.0,61.0,1.0
601-800,Belarusian State University,29303,10.6,0.06,69,14.8,20.2,8.7,6.0,28.0,48.2,large,Belarus,Europe,0.0,2.0,105.0,2.0
601-800,University of Belgrade,96968,28.3,0.04,60,17.7,20.4,13.2,14.0,45.6,30.5,large,Serbia,Europe,0.0,2.0,141.0,2.0
601-800,Birla Institute of Technology and Science,11837,19.5,0.13,22,15.0,18.3,8.3,17.4,29.6,13.7,medium,India,Asia,0.0,1.0,64.0,1.0
601-800,University of Bradford,11065,20.5,0.32,53,23.9,18.7,15.9,22.7,32.7,79.1,medium,United Kingdom,Europe,1.0,1.0,148.0,2.0
601-800,University of Brasília,45880,14.5,0.02,52,14.5,21.9,7.4,10.4,31.7,24.1,large,Brazil,South America,0.0,2.0,189.0,5.0
601-800,University of Brighton,16924,19.5,0.19,58,19.7,16.7,10.7,20.1,29.4,62.8,large,United Kingdom,Europe,1.0,2.0,148.0,2.0
601-800,University of Bucharest,31806,24.9,0.02,70,19.0,34.3,11.5,9.9,29.5,21.3,large,Romania,Europe,0.0,2.0,138.0,2.0
601-800,Budapest University of Technology and Economics,22447,22.1,0.04,32,19.0,17.1,13.7,21.6,39.7,30.4,large,Hungary,Europe,0.0,2.0,120.0,2.0
601-800,Cairo University,231941,39.1,0.02,47,15.7,18.9,11.1,11.9,30.3,31.0,large,Egypt,Africa,0.0,2.0,14.0,0.0
601-800,University of Calcutta,18511,32.5,0.13,50,20.7,34.7,8.7,19.8,29.2,13.1,large,India,Asia,0.0,2.0,64.0,1.0
601-800,California State University,29594,32.3,0.05,58,16.2,11.6,10.4,23.3,47.0,18.9,large,United States,North America,1.0,2.0,172.0,3.0
601-800,Capital Medical University,11506,7.1,0.03,70,19.4,26.3,14.9,16.3,28.8,18.8,medium,China,Asia,0.0,1.0,61.0,1.0
601-800,University of Castilla-La Mancha,26381,14.3,0.03,56,20.6,18.4,10.3,30.5,29.7,28.6,large,Spain,Europe,0.0,2.0,144.0,2.0
601-800,University of Central Lancashire,18542,17.5,0.17,57,20.8,15.7,9.4,28.2,28.9,54.1,large,United Kingdom,Europe,1.0,2.0,148.0,2.0
601-800,University of Cergy-Pontoise,17000,9.2,0.11,53,15.9,18.7,6.3,13.2,28.6,49.1,large,France,Europe,0.0,2.0,116.0,2.0
601-800,Chang Gung University,7506,12.6,0.13,42,23.5,19.3,24.7,27.6,31.9,15.7,medium,Taiwan,Asia,0.0,1.0,91.0,1.0
601-800,Carlos III University of Madrid,15730,11.4,0.09,43,23.8,23.2,17.4,24.8,34.8,44.7,large,Spain,Europe,0.0,2.0,144.0,2.0
601-800,University of Chemistry and Technology,4699,11.0,0.18,49,19.7,21.6,12.0,17.4,38.9,46.3,small,Czech Republic,Europe,0.0,0.0,112.0,2.0
601-800,Chiang Mai University,35617,16.5,0.01,19,20.6,17.8,9.4,30.0,32.3,34.9,large,Thailand,Asia,0.0,2.0,93.0,1.0
601-800,Chiba University,14554,12.3,0.05,37,23.5,26.9,16.8,24.8,55.3,21.0,medium,Japan,Asia,0.0,1.0,69.0,1.0
601-800,China University of Geosciences,29483,20.7,0.02,49,22.0,21.1,21.4,21.5,64.5,16.1,large,China,Asia,0.0,2.0,61.0,1.0
601-800,China University of Petroleum,14579,19.4,0.06,49,20.0,23.6,26.6,4.0,100.0,15.9,medium,China,Asia,0.0,1.0,61.0,1.0
601-800,Chonbuk National University,23270,15.0,0.03,45,20.5,19.7,14.7,24.5,33.3,27.2,large,South Korea,Asia,0.0,2.0,73.0,1.0
601-800,Chongqing University,43955,16.0,0.03,49,16.1,19.5,15.5,8.7,73.8,15.5,large,China,Asia,0.0,2.0,61.0,1.0
601-800,Chonnam National University,35779,18.5,0.03,41,19.8,17.5,11.7,29.1,31.4,20.4,large,South Korea,Asia,0.0,2.0,73.0,1.0
601-800,Chulalongkorn University,38719,14.5,0.02,59,19.8,23.8,14.1,16.7,37.8,32.8,large,Thailand,Asia,0.0,2.0,93.0,1.0
601-800,Chung Yuan Christian University,15020,30.2,0.03,41,19.1,15.9,22.1,17.4,41.9,18.7,large,Taiwan,Asia,0.0,2.0,91.0,1.0
601-800,Chungnam National University,18361,17.2,0.03,34,18.7,23.2,17.7,13.2,39.9,19.8,large,South Korea,Asia,0.0,2.0,73.0,1.0
601-800,Clemson University,19198,17.1,0.08,46,23.9,21.4,19.7,27.0,35.8,34.6,large,United States,North America,1.0,2.0,172.0,3.0
601-800,Comenius University in Bratislava,20879,9.7,0.1,54,20.1,23.0,10.3,19.6,28.0,46.9,large,Slovakia,Europe,0.0,2.0,142.0,2.0
601-800,Coventry University,21934,14.8,0.35,47,18.9,17.1,7.7,18.4,29.1,69.6,large,United Kingdom,Europe,1.0,2.0,148.0,2.0
601-800,Dalian University of Technology,34326,15.2,0.02,33,23.4,22.6,19.0,23.5,93.3,20.7,large,China,Asia,0.0,2.0,61.0,1.0
601-800,University of Debrecen,29714,20.3,0.13,57,19.5,17.3,11.4,20.9,38.9,49.0,large,Hungary,Europe,0.0,2.0,120.0,2.0
601-800,University of Delhi,32567,22.9,0.01,50,19.8,29.8,10.8,19.1,28.2,15.4,large,India,Asia,0.0,2.0,64.0,1.0
601-800,University of Dhaka,62716,6.9,0.05,34,15.1,21.7,7.2,9.6,31.7,37.2,large,Bangladesh,Asia,0.0,2.0,56.0,1.0
601-800,Dublin Institute of Technology,13839,18.9,0.25,41,19.7,16.1,8.8,20.7,28.1,70.5,medium,Ireland,Europe,1.0,1.0,122.0,2.0
601-800,Ehime University,8394,9.9,0.01,39,16.9,19.2,11.3,17.5,37.8,20.9,medium,Japan,Asia,0.0,1.0,69.0,1.0
601-800,University of Electronic Science and Technology of China,21689,9.8,0.13,21,14.4,20.5,12.9,8.8,28.0,13.4,large,China,Asia,0.0,2.0,61.0,1.0
601-800,Eötvös Loránd University,28698,22.4,0.04,63,23.2,21.3,12.1,30.6,29.3,43.0,large,Hungary,Europe,0.0,2.0,120.0,2.0
601-800,Erciyes University,28079,28.0,0.02,46,15.4,15.5,10.9,18.0,30.3,17.2,large,Turkey,Asia,0.0,2.0,94.0,1.0
601-800,Federal University of Bahia,39861,17.9,0.01,47,13.7,18.2,8.1,14.3,1.1,19.7,large,Brazil,South America,0.0,2.0,189.0,5.0
601-800,Federal University of Minas Gerais,42612,13.5,0.01,55,22.3,27.9,15.4,23.1,30.7,21.6,large,Brazil,South America,0.0,2.0,189.0,5.0
601-800,Federal University of Paraná (UFPR),21850,11.2,0.01,51,14.3,24.6,9.6,7.0,31.9,15.5,large,Brazil,South America,0.0,2.0,189.0,5.0
601-800,Federal University of Rio Grande do Sul,38743,14.8,0.01,50,20.8,32.6,13.7,16.8,19.1,18.9,large,Brazil,South America,0.0,2.0,189.0,5.0
601-800,Federal University of Santa Catarina,26078,12.6,0.01,48,18.4,26.0,12.2,14.2,42.9,21.0,large,Brazil,South America,0.0,2.0,189.0,5.0
601-800,Federal University of São Carlos,18587,16.9,0.13,49,17.5,29.0,10.8,11.5,32.2,16.8,large,Brazil,South America,0.0,2.0,189.0,5.0
601-800,Federal University of Viçosa,13163,11.4,0.03,70,20.0,39.7,14.5,3.9,59.0,15.0,medium,Brazil,South America,0.0,1.0,189.0,5.0
601-800,Federal University of Lavras,10350,20.9,0.01,53,15.6,25.8,16.4,3.0,38.7,14.5,medium,Brazil,South America,0.0,1.0,189.0,5.0
601-800,Feng Chia University,20213,23.9,0.07,36,21.2,14.6,13.7,34.4,33.9,21.1,large,Taiwan,Asia,0.0,2.0,91.0,1.0
601-800,Florida Institute of Technology,4408,13.7,0.26,34,23.1,20.4,13.5,24.6,33.4,62.4,small,United States,North America,1.0,0.0,172.0,3.0
601-800,Fu Jen Catholic University,25951,22.8,0.04,59,15.3,14.4,9.8,18.2,47.0,19.1,large,Taiwan,Asia,0.0,2.0,91.0,1.0
601-800,Gda_sk University of Technology,25217,23.3,0.01,39,14.2,15.5,9.5,15.2,36.8,16.1,large,Poland,Europe,0.0,2.0,136.0,2.0
601-800,University of Ghana,37274,37.5,0.02,41,19.7,15.6,15.6,19.5,34.5,48.4,large,Ghana,Africa,0.0,2.0,20.0,0.0
601-800,Gifu University,7318,12.4,0.04,35,19.3,25.4,16.9,14.7,32.8,18.5,medium,Japan,Asia,0.0,1.0,69.0,1.0
601-800,Glasgow Caledonian University,13527,21.6,0.16,60,20.4,17.1,10.4,24.2,29.9,55.0,medium,United Kingdom,Europe,1.0,1.0,148.0,2.0
601-800,University of Greenwich,18096,24.6,0.32,53,19.8,15.7,9.5,17.7,30.0,81.8,large,United Kingdom,Europe,1.0,2.0,148.0,2.0
601-800,Hacettepe University,39606,20.4,0.04,56,17.9,21.0,11.8,19.7,28.2,19.6,large,Turkey,Asia,0.0,2.0,94.0,1.0
601-800,University of Huddersfield,15436,18.1,0.25,54,16.6,17.4,5.4,16.5,28.0,55.2,large,United Kingdom,Europe,1.0,2.0,148.0,2.0
601-800,University of Tehran,53802,27.0,0.01,45,20.3,27.3,17.7,15.8,31.9,16.5,large,Iran,Asia,0.0,2.0,66.0,1.0
601-800,Hunan University,42756,24.7,0.02,43,18.6,18.3,15.0,21.2,46.7,14.8,large,China,Asia,0.0,2.0,61.0,1.0
601-800,University of Ibadan,26247,17.1,0.01,45,14.2,22.7,11.1,4.6,29.2,26.1,large,Nigeria,Africa,0.0,2.0,37.0,0.0
601-800,University of Indonesia,43565,15.8,0.13,51,15.8,18.1,8.0,13.9,40.0,37.2,large,Indonesia,Asia,0.0,2.0,65.0,1.0
601-800,Inha University,20353,24.1,0.03,36,22.3,20.7,20.0,22.5,64.7,23.5,large,South Korea,Asia,0.0,2.0,73.0,1.0
601-800,I-Shou University,16263,29.9,0.1,45,14.2,12.8,11.5,13.3,41.0,24.8,large,Taiwan,Asia,0.0,2.0,91.0,1.0
601-800,Istanbul University,82096,41.1,0.06,44,21.8,26.0,23.3,10.0,100.0,20.0,large,Turkey,Asia,0.0,2.0,94.0,1.0
601-800,Jagiellonian University,42835,11.5,0.05,67,23.9,24.0,14.4,30.7,28.0,33.5,large,Poland,Europe,0.0,2.0,136.0,2.0
601-800,Jilin University,65605,13.6,0.03,46,19.7,28.2,14.4,14.6,42.1,20.3,large,China,Asia,0.0,2.0,61.0,1.0
601-800,University of Jordan,35577,13.6,0.13,67,15.1,19.0,7.7,7.8,28.8,53.7,large,Jordan,Asia,0.0,2.0,70.0,1.0
601-800,Jordan University of Science and Technology,24686,16.4,0.23,55,17.2,16.4,6.2,16.4,31.4,62.2,large,Jordan,Asia,0.0,2.0,70.0,1.0
601-800,Juntendo University,3955,3.7,0.01,52,22.6,32.3,10.5,24.0,51.1,16.7,small,Japan,Asia,0.0,0.0,69.0,1.0
601-800,K.N. Toosi University of Technology,7146,24.6,0.13,32,20.1,20.9,18.1,22.5,45.5,7.1,medium,Iran,Asia,0.0,1.0,66.0,1.0
601-800,Kaohsiung Medical University,7009,12.6,0.05,56,21.3,20.6,22.2,20.5,33.2,19.9,medium,Taiwan,Asia,0.0,1.0,91.0,1.0
601-800,Khon Kaen University,39669,16.9,0.01,62,16.9,18.2,7.4,19.9,35.7,31.5,large,Thailand,Asia,0.0,2.0,93.0,1.0
601-800,King Mongkut’s University of Technology Thonburi,17791,23.7,0.01,42,23.6,18.2,11.4,36.2,70.3,28.5,large,Thailand,Asia,0.0,2.0,93.0,1.0
601-800,Kingston University,20778,20.9,0.34,53,23.2,16.9,12.1,26.7,28.5,76.8,large,United Kingdom,Europe,1.0,2.0,148.0,2.0
601-800,Kindai University,31216,11.6,0.02,29,19.0,18.5,7.9,30.0,33.2,17.0,large,Japan,Asia,0.0,2.0,69.0,1.0
601-800,Kobe University,15885,8.4,0.06,33,23.0,27.8,15.4,24.3,45.1,21.1,large,Japan,Asia,0.0,2.0,69.0,1.0
601-800,Konkuk University,26483,23.5,0.06,47,19.6,20.0,19.6,17.0,36.0,22.6,large,South Korea,Asia,0.0,2.0,73.0,1.0
601-800,Kumamoto University,10226,7.6,0.05,37,21.7,23.4,11.6,28.1,43.1,22.2,medium,Japan,Asia,0.0,1.0,69.0,1.0
601-800,Kyungpook National University,27152,14.4,0.03,42,19.1,21.1,16.0,18.1,34.9,21.7,large,South Korea,Asia,0.0,2.0,73.0,1.0
601-800,Kyushu Institute of Technology (Kyutech),5890,12.1,0.04,11,16.5,19.4,12.5,14.2,44.1,20.7,medium,Japan,Asia,0.0,1.0,69.0,1.0
601-800,University of Latvia,15100,26.5,0.03,68,19.2,22.6,10.2,20.9,28.3,31.5,large,Latvia,Europe,0.0,2.0,124.0,2.0
601-800,Lille 1 University – Science and Technology,19599,14.5,0.18,41,23.6,20.0,8.6,32.4,31.8,60.3,large,France,Europe,0.0,2.0,116.0,2.0
601-800,University of Lincoln,10665,18.9,0.11,54,22.1,17.9,11.9,26.4,29.3,60.5,medium,United Kingdom,Europe,1.0,1.0,148.0,2.0
601-800,University of Ljubljana,48821,17.6,0.04,60,22.1,24.9,13.6,24.0,32.3,34.5,large,Slovenia,Europe,0.0,2.0,143.0,2.0
601-800,University of Marrakech Cadi Ayyad,56060,38.7,0.01,46,14.7,17.4,6.3,12.1,29.2,42.7,large,Morocco,Africa,0.0,2.0,33.0,0.0
601-800,Miami University,16370,20.5,0.07,53,23.9,19.2,15.7,36.1,30.2,24.8,large,United States,North America,1.0,2.0,172.0,3.0
601-800,Middlesex University,17753,24.7,0.44,59,23.3,18.5,10.6,25.7,32.2,81.0,large,United Kingdom,Europe,1.0,2.0,148.0,2.0
601-800,University of Murcia,31460,15.8,0.06,62,20.6,19.3,11.7,28.0,29.5,28.3,large,Spain,Europe,0.0,2.0,144.0,2.0
601-800,Nagasaki University,9137,7.2,0.04,36,16.9,22.8,10.8,14.3,35.2,21.9,medium,Japan,Asia,0.0,1.0,69.0,1.0
601-800,University of Nairobi,72676,47.0,0.01,40,16.8,13.7,9.0,19.5,28.0,45.5,large,Kenya,Africa,0.0,2.0,24.0,0.0
601-800,National Chengchi University,16867,18.4,0.1,57,16.7,18.4,12.5,14.0,31.3,33.1,large,Taiwan,Asia,0.0,2.0,91.0,1.0
601-800,National Chung Cheng University,11989,22.9,0.01,42,19.3,21.3,20.3,15.7,40.8,14.2,medium,Taiwan,Asia,0.0,1.0,91.0,1.0
601-800,National Chung Hsing University,15632,20.3,0.04,39,20.8,20.2,16.8,24.5,42.5,16.9,large,Taiwan,Asia,0.0,2.0,91.0,1.0
601-800,National Taipei University of Technology,10227,16.5,0.03,25,17.9,17.8,14.6,16.4,81.3,16.0,medium,Taiwan,Asia,0.0,1.0,91.0,1.0
601-800,National Taiwan Ocean University,8240,20.9,0.05,30,19.9,18.1,21.0,18.2,49.3,20.3,medium,Taiwan,Asia,0.0,1.0,91.0,1.0
601-800,National University of Córdoba,108373,38.1,0.02,62,14.1,16.0,9.0,12.5,28.6,28.1,large,Argentina,South America,0.0,2.0,187.0,5.0
601-800,National University of Science and Technology (MISis),4441,6.7,0.13,43,20.1,24.8,17.5,10.8,67.2,33.7,small,Russian Federation,Europe,0.0,0.0,139.0,2.0
601-800,National University of Sciences and Technology,9808,7.8,0.03,27,22.2,21.4,7.0,35.0,31.3,31.3,medium,Pakistan,Asia,0.0,1.0,84.0,1.0
601-800,Niigata University,12460,8.5,0.03,37,17.1,21.9,10.1,17.5,33.0,19.3,medium,Japan,Asia,0.0,1.0,69.0,1.0
601-800,Northumbria University,22750,19.3,0.16,55,22.2,17.7,10.9,29.2,29.1,55.1,large,United Kingdom,Europe,1.0,2.0,148.0,2.0
601-800,Northwestern Polytechnical University,23056,14.1,0.03,25,14.5,23.4,15.4,3.5,28.0,15.2,large,China,Asia,0.0,2.0,61.0,1.0
601-800,Nottingham Trent University,21852,17.4,0.17,55,20.5,16.5,8.9,27.3,28.4,52.7,large,United Kingdom,Europe,1.0,2.0,148.0,2.0
601-800,Oakland University,14584,19.8,0.02,60,18.1,18.1,11.9,21.9,30.3,23.3,medium,United States,North America,1.0,1.0,172.0,3.0
601-800,Ocean University of China,36205,20.6,0.01,40,15.2,18.9,10.7,12.9,50.1,15.6,large,China,Asia,0.0,2.0,61.0,1.0
601-800,Ohio University,22224,20.0,0.09,50,22.6,25.0,14.9,24.6,30.1,33.6,large,United States,North America,1.0,2.0,172.0,3.0
601-800,Okayama University,13035,8.6,0.03,38,22.1,24.3,14.9,25.3,48.0,20.6,medium,Japan,Asia,0.0,1.0,69.0,1.0
601-800,Osaka Prefecture University,8051,7.5,0.03,36,17.1,21.6,10.2,17.5,41.5,17.6,medium,Japan,Asia,0.0,1.0,69.0,1.0
601-800,University of Pardubice,10671,19.8,0.04,55,14.1,15.9,11.9,11.1,28.3,23.4,medium,Czech Republic,Europe,0.0,1.0,112.0,2.0
601-800,University of Paris North – Paris 13,23026,23.4,0.22,60,23.8,17.5,11.6,36.2,28.0,46.4,large,France,Europe,0.0,2.0,116.0,2.0
601-800,University of Patras,29251,40.9,0.04,46,21.3,18.5,12.1,28.8,48.3,30.6,large,Greece,Europe,0.0,2.0,119.0,2.0
601-800,University of Pécs,21819,15.4,0.1,55,20.2,19.7,9.0,23.4,28.4,50.8,large,Hungary,Europe,0.0,2.0,120.0,2.0
601-800,Polytechnic University of Valencia,33172,13.6,0.07,36,23.8,20.3,12.7,34.3,43.8,32.9,large,Spain,Europe,0.0,2.0,144.0,2.0
601-800,Pontifical Catholic University of Paraná,7741,10.9,0.02,1,19.2,18.4,6.5,32.2,28.0,18.6,medium,Brazil,South America,0.0,1.0,189.0,5.0
601-800,Pontifical Catholic University of Rio Grande do Sul (PUCRS),14797,10.1,0.13,50,20.6,21.1,10.9,27.6,52.3,18.7,medium,Brazil,South America,0.0,1.0,189.0,5.0
601-800,Pontifical Catholic University of Valparaíso,13493,10.4,0.13,45,14.8,18.4,8.0,10.4,44.3,35.7,medium,Chile,South America,0.0,1.0,190.0,5.0
601-800,Prince of Songkla University,38274,16.1,0.01,69,16.5,15.3,7.0,22.2,31.6,31.0,large,Thailand,Asia,0.0,2.0,93.0,1.0
601-800,Qatar University,9583,19.0,0.42,74,21.6,9.9,10.3,22.3,55.2,99.9,medium,Qatar,Asia,0.0,1.0,86.0,1.0
601-800,Rio de Janeiro State University (UERJ),28757,10.1,0.13,46,15.0,21.7,9.1,12.3,30.8,16.8,large,Brazil,South America,0.0,2.0,189.0,5.0
601-800,Rochester Institute of Technology,12965,13.5,0.13,34,19.8,17.4,13.4,25.1,30.4,29.8,medium,United States,North America,1.0,1.0,172.0,3.0
601-800,Saitama University,7469,11.7,0.02,33,17.8,18.6,9.6,23.4,29.6,20.6,medium,Japan,Asia,0.0,1.0,69.0,1.0
601-800,University of Salford,16152,17.0,0.25,51,21.9,20.8,12.1,21.2,28.8,66.4,large,United Kingdom,Europe,1.0,2.0,148.0,2.0
601-800,University of Santiago- Chile (USACH),22739,23.6,0.01,39,15.5,17.6,11.3,10.2,31.0,40.4,large,Chile,South America,0.0,2.0,190.0,5.0
601-800,São Paulo State University (UNESP),50594,13.0,0.05,52,19.6,28.0,22.6,6.7,40.1,18.7,large,Brazil,South America,0.0,2.0,189.0,5.0
601-800,Savitribai Phule Pune University,4858,14.6,0.03,25,20.7,38.3,12.4,11.4,29.3,17.3,small,India,Asia,0.0,0.0,64.0,1.0
601-800,University of Science and Technology Beijing,22780,15.1,0.04,36,19.7,25.1,22.4,6.9,89.7,15.6,large,China,Asia,0.0,2.0,61.0,1.0
601-800,Sejong University,11704,15.5,0.03,43,23.7,18.9,12.2,38.7,35.4,25.2,medium,South Korea,Asia,0.0,1.0,73.0,1.0
601-800,University of Seoul,10243,19.0,0.03,36,20.6,22.8,17.5,21.4,28.9,18.7,medium,South Korea,Asia,0.0,1.0,73.0,1.0
601-800,Shahid Beheshti University,17800,24.9,0.01,52,17.8,20.5,19.0,11.4,58.9,13.8,large,Iran,Asia,0.0,2.0,66.0,1.0
601-800,Shanghai University,46044,17.5,0.03,48,17.3,19.1,16.1,14.8,45.7,15.8,large,China,Asia,0.0,2.0,61.0,1.0
601-800,Shantou University,9593,13.5,0.13,48,19.6,17.6,9.1,28.3,30.7,30.7,medium,China,Asia,0.0,1.0,61.0,1.0
601-800,Sheffield Hallam University,27477,18.8,0.15,53,18.3,17.3,9.4,20.1,28.6,47.0,large,United Kingdom,Europe,1.0,2.0,148.0,2.0
601-800,Shinshu University,11232,9.6,0.03,32,17.6,20.8,8.3,22.0,31.6,20.3,medium,Japan,Asia,0.0,1.0,69.0,1.0
601-800,Showa University,3675,2.5,0.13,57,15.0,28.5,7.9,7.0,35.3,14.0,small,Japan,Asia,0.0,0.0,69.0,1.0
601-800,Sichuan University,65035,14.5,0.02,48,21.3,25.0,18.4,16.1,90.8,15.7,large,China,Asia,0.0,2.0,61.0,1.0
601-800,University of Silesia in Katowice,32764,17.3,0.01,65,15.9,17.7,8.0,20.4,28.1,18.5,large,Poland,Europe,0.0,2.0,136.0,2.0
601-800,Slovak University of Technology in Bratislava,16400,15.3,0.02,31,20.2,23.3,8.6,24.9,33.2,30.6,large,Slovakia,Europe,0.0,2.0,142.0,2.0
601-800,Sogang University,10625,24.1,0.07,43,23.3,21.5,24.8,20.5,46.8,27.7,medium,South Korea,Asia,0.0,1.0,73.0,1.0
601-800,Sophia University,12799,24.3,0.08,53,14.2,22.0,9.4,5.3,29.5,32.8,medium,Japan,Asia,0.0,1.0,69.0,1.0
601-800,University of South Africa,197102,108.5,0.09,65,14.6,18.4,11.3,9.4,28.8,28.7,large,South Africa,Africa,0.0,2.0,44.0,0.0
601-800,Southern Federal University,27556,9.0,0.03,56,14.1,21.9,8.2,9.2,39.5,17.3,large,Russian Federation,Europe,0.0,2.0,139.0,2.0
601-800,University of Southern Mississippi,14569,18.5,0.03,63,18.4,21.0,11.8,20.1,39.9,20.8,medium,United States,North America,1.0,1.0,172.0,3.0
601-800,University of Southern Queensland,13761,29.2,0.21,55,19.2,18.4,13.1,14.4,28.8,63.0,medium,Australia,Oceania,1.0,1.0,173.0,4.0
601-800,Suez Canal University,16817,6.0,0.13,65,16.1,22.6,5.9,16.0,16.3,31.6,large,Egypt,Africa,0.0,2.0,14.0,0.0
601-800,Sultan Qaboos University,7089,9.0,0.03,50,20.7,21.3,10.6,16.0,37.6,71.5,medium,Oman,Asia,0.0,1.0,83.0,1.0
601-800,Suranaree University of Technology,12650,32.9,0.01,50,18.2,21.1,11.6,18.4,38.1,25.9,medium,Thailand,Asia,0.0,1.0,93.0,1.0
601-800,University of Szeged,22684,13.8,0.09,58,19.6,20.0,10.5,20.5,33.2,46.9,large,Hungary,Europe,0.0,2.0,120.0,2.0
601-800,Taipei Medical University,6001,11.1,0.06,58,23.0,25.7,21.7,19.0,42.2,26.5,medium,Taiwan,Asia,0.0,1.0,91.0,1.0
601-800,Taras Shevchenko National University of Kyiv,22686,8.2,0.02,45,15.7,27.9,11.0,4.2,28.0,28.2,large,Ukraine,Europe,0.0,2.0,147.0,2.0
601-800,Technical University of Madrid,41500,13.8,0.11,32,22.2,21.8,14.6,24.5,38.3,39.5,large,Spain,Europe,0.0,2.0,144.0,2.0
601-800,University of Texas at El Paso,19123,29.0,0.07,54,19.8,18.6,18.7,18.4,31.9,30.4,large,United States,North America,1.0,2.0,172.0,3.0
601-800,Texas Tech University,29512,20.9,0.07,46,23.7,27.9,17.2,22.0,33.4,36.8,large,United States,North America,1.0,2.0,172.0,3.0
601-800,Tokai University,29700,12.7,0.01,27,14.5,17.9,7.6,15.3,34.4,19.3,large,Japan,Asia,0.0,2.0,69.0,1.0
601-800,Tokushima University,7519,8.9,0.03,34,20.7,25.3,21.6,12.8,59.6,16.8,medium,Japan,Asia,0.0,1.0,69.0,1.0
601-800,Tokyo University of Marine Science and Technology,2597,11.1,0.07,34,17.7,27.9,12.4,7.7,57.9,24.5,small,Japan,Asia,0.0,0.0,69.0,1.0
601-800,Tokyo University of Science,20243,25.7,0.02,20,22.6,23.0,24.1,21.4,37.6,15.4,large,Japan,Asia,0.0,2.0,69.0,1.0
601-800,Tomsk State University,10413,9.9,0.12,60,22.8,34.8,20.8,7.6,44.0,36.9,medium,Russian Federation,Europe,0.0,1.0,139.0,2.0
601-800,Tottori University,6248,8.2,0.02,34,15.3,24.3,10.1,9.6,34.5,16.7,medium,Japan,Asia,0.0,1.0,69.0,1.0
601-800,Toyohashi University of Technology (TUT),2153,9.3,0.09,9,20.2,22.0,18.9,15.8,50.3,25.4,small,Japan,Asia,0.0,0.0,69.0,1.0
601-800,Universiti Kebangsaan Malaysia,24227,11.8,0.12,62,18.3,24.3,15.9,10.9,28.4,29.7,large,Malaysia,Asia,0.0,2.0,79.0,1.0
601-800,Universiti Putra Malaysia,23883,12.2,0.15,63,21.5,25.3,20.9,10.2,34.2,50.1,large,Malaysia,Asia,0.0,2.0,79.0,1.0
601-800,Universiti Sains Malaysia,28179,14.8,0.1,61,20.9,26.9,16.6,12.4,34.4,44.2,large,Malaysia,Asia,0.0,2.0,79.0,1.0
601-800,Universiti Teknologi MARA,69268,16.8,0.13,65,14.1,15.2,7.7,18.2,28.3,14.8,large,Malaysia,Asia,0.0,2.0,79.0,1.0
601-800,Ural Federal University,28427,10.1,0.03,48,17.8,24.8,10.6,16.8,35.6,17.3,large,Russian Federation,Europe,0.0,2.0,139.0,2.0
601-800,V.N. Karazin Kharkiv National University,14410,9.7,0.22,53,14.0,21.7,8.9,1.7,28.8,48.4,medium,Ukraine,Europe,0.0,1.0,147.0,2.0
601-800,University of Vigo,22793,19.0,0.03,51,21.5,18.4,10.5,31.8,38.1,30.7,large,Spain,Europe,0.0,2.0,144.0,2.0
601-800,Vilnius University,19019,14.2,0.04,65,21.5,18.3,13.6,26.1,41.0,40.8,large,Lithuania,Europe,0.0,2.0,126.0,2.0
601-800,Warsaw University of Technology,34572,14.5,0.03,34,23.2,19.4,8.5,40.3,47.4,20.7,large,Poland,Europe,0.0,2.0,136.0,2.0
601-800,Waseda University,52316,16.9,0.08,35,23.3,23.6,14.6,29.4,32.4,29.7,large,Japan,Asia,0.0,2.0,69.0,1.0
601-800,University of West Bohemia,15639,21.5,0.02,52,19.3,16.3,9.7,29.8,32.1,23.1,large,Czech Republic,Europe,0.0,2.0,112.0,2.0
601-800,University of the West of England,22525,21.4,0.15,53,23.2,16.9,11.2,34.6,28.5,48.5,large,United Kingdom,Europe,1.0,2.0,148.0,2.0
601-800,West University of Timi_oara,12933,19.0,0.02,62,15.1,16.1,3.9,22.4,32.0,21.0,medium,Romania,Europe,0.0,1.0,138.0,2.0
601-800,University of Westminster,16609,21.0,0.43,57,21.9,17.3,11.7,21.1,28.5,81.9,large,United Kingdom,Europe,1.0,2.0,148.0,2.0
601-800,Xidian University,31618,16.4,0.02,29,14.7,17.9,12.1,8.9,83.7,12.8,large,China,Asia,0.0,2.0,61.0,1.0
601-800,Yeungnam University,21958,15.3,0.03,48,19.5,18.6,10.9,26.5,35.4,24.3,large,South Korea,Asia,0.0,2.0,73.0,1.0
601-800,Yıldız Technical University,31268,28.7,0.02,36,14.6,14.5,7.6,19.3,44.0,14.9,large,Turkey,Asia,0.0,2.0,94.0,1.0
601-800,Yokohama City University,4122,3.7,0.03,55,23.3,24.0,10.2,36.4,37.9,16.1,small,Japan,Asia,0.0,0.0,69.0,1.0
601-800,Yokohama National University,10117,12.1,0.07,28,17.6,20.1,16.0,13.5,40.4,23.3,medium,Japan,Asia,0.0,1.0,69.0,1.0
601-800,Yuan Ze University,8663,20.6,0.04,43,21.3,16.2,18.3,28.6,39.8,17.7,medium,Taiwan,Asia,0.0,1.0,91.0,1.0
